"URL","unique content score","title unique?","meta unique?","H1 unique?","local value","duplicate risk","recommendation","closest page","similarity"
"https://successpathmentors.net/en/locations","15","true","true","true","Online tutoring serves students throughout Locations; no physical branch is implied. Families should share the school, grade, course code where available, and current assignments. Local school boards or districts remain responsible for official curriculum, placement, assessment, and graduation decisions. Book a tutor based on the student’s subject, goals, language needs, and schedule.","High","Retain route; editorial review for distinct useful local guidance before expansion","canada","0.853"
"https://successpathmentors.net/en/locations/canada","0","true","true","true","Online tutoring serves students throughout Canada; no physical branch is implied. Families should share the school, grade, course code where available, and current assignments. Local school boards or districts remain responsible for official curriculum, placement, assessment, and graduation decisions. Book a tutor based on the student’s subject, goals, language needs, and schedule.","High","Retain route; editorial review for distinct useful local guidance before expansion","united-states","1.000"
"https://successpathmentors.net/en/locations/canada/ontario","0","true","true","true","Online tutoring serves students throughout Ontario; no physical branch is implied. Families should share the school, grade, course code where available, and current assignments. Local school boards or districts remain responsible for official curriculum, placement, assessment, and graduation decisions. Book a tutor based on the student’s subject, goals, language needs, and schedule.","High","Retain route; editorial review for distinct useful local guidance before expansion","quebec","1.000"
"https://successpathmentors.net/en/locations/canada/ontario/curriculum","0","true","true","true","Online tutoring serves students throughout Ontario Curriculum; no physical branch is implied. Families should share the school, grade, course code where available, and current assignments. Local school boards or districts remain responsible for official curriculum, placement, assessment, and graduation decisions. Book a tutor based on the student’s subject, goals, language needs, and schedule.","High","Retain route; editorial review for distinct useful local guidance before expansion","quebec-curriculum","1.000"
"https://successpathmentors.net/en/locations/canada/ontario/toronto","0","true","true","true","Online tutoring serves students throughout Toronto; no physical branch is implied. Families in Toronto can share their school or district, grade, course, current unit, and upcoming deadlines for a more accurate tutor match. Local school boards or districts remain responsible for official curriculum, placement, assessment, and graduation decisions. Book a tutor based on the student’s subject, goals, language needs, and schedule.","High","Retain route; editorial review for distinct useful local guidance before expansion","ontario-mississauga","1.000"
"https://successpathmentors.net/en/locations/canada/ontario/mississauga","0","true","true","true","Online tutoring serves students throughout Mississauga; no physical branch is implied. Families in Mississauga can share their school or district, grade, course, current unit, and upcoming deadlines for a more accurate tutor match. Local school boards or districts remain responsible for official curriculum, placement, assessment, and graduation decisions. Book a tutor based on the student’s subject, goals, language needs, and schedule.","High","Retain route; editorial review for distinct useful local guidance before expansion","ontario-toronto","1.000"
"https://successpathmentors.net/en/locations/canada/ontario/brampton","0","true","true","true","Online tutoring serves students throughout Brampton; no physical branch is implied. Families in Brampton can share their school or district, grade, course, current unit, and upcoming deadlines for a more accurate tutor match. Local school boards or districts remain responsible for official curriculum, placement, assessment, and graduation decisions. Book a tutor based on the student’s subject, goals, language needs, and schedule.","High","Retain route; editorial review for distinct useful local guidance before expansion","ontario-toronto","1.000"
"https://successpathmentors.net/en/locations/canada/ontario/milton","0","true","true","true","Online tutoring serves students throughout Milton; no physical branch is implied. Families in Milton can share their school or district, grade, course, current unit, and upcoming deadlines for a more accurate tutor match. Local school boards or districts remain responsible for official curriculum, placement, assessment, and graduation decisions. Book a tutor based on the student’s subject, goals, language needs, and schedule.","High","Retain route; editorial review for distinct useful local guidance before expansion","ontario-toronto","1.000"
"https://successpathmentors.net/en/locations/canada/ontario/ottawa","0","true","true","true","Online tutoring serves students throughout Ottawa; no physical branch is implied. Families in Ottawa can share their school or district, grade, course, current unit, and upcoming deadlines for a more accurate tutor match. Local school boards or districts remain responsible for official curriculum, placement, assessment, and graduation decisions. Book a tutor based on the student’s subject, goals, language needs, and schedule.","High","Retain route; editorial review for distinct useful local guidance before expansion","ontario-toronto","1.000"
"https://successpathmentors.net/en/locations/canada/ontario/hamilton","0","true","true","true","Online tutoring serves students throughout Hamilton; no physical branch is implied. Families in Hamilton can share their school or district, grade, course, current unit, and upcoming deadlines for a more accurate tutor match. Local school boards or districts remain responsible for official curriculum, placement, assessment, and graduation decisions. Book a tutor based on the student’s subject, goals, language needs, and schedule.","High","Retain route; editorial review for distinct useful local guidance before expansion","ontario-toronto","1.000"
"https://successpathmentors.net/en/locations/canada/ontario/london","0","true","true","true","Online tutoring serves students throughout London; no physical branch is implied. Families in London can share their school or district, grade, course, current unit, and upcoming deadlines for a more accurate tutor match. Local school boards or districts remain responsible for official curriculum, placement, assessment, and graduation decisions. Book a tutor based on the student’s subject, goals, language needs, and schedule.","High","Retain route; editorial review for distinct useful local guidance before expansion","ontario-toronto","1.000"
"https://successpathmentors.net/en/locations/canada/ontario/oakville","0","true","true","true","Online tutoring serves students throughout Oakville; no physical branch is implied. Families in Oakville can share their school or district, grade, course, current unit, and upcoming deadlines for a more accurate tutor match. Local school boards or districts remain responsible for official curriculum, placement, assessment, and graduation decisions. Book a tutor based on the student’s subject, goals, language needs, and schedule.","High","Retain route; editorial review for distinct useful local guidance before expansion","ontario-toronto","1.000"
"https://successpathmentors.net/en/locations/canada/ontario/windsor","0","true","true","true","Online tutoring serves students throughout Windsor; no physical branch is implied. Families in Windsor can share their school or district, grade, course, current unit, and upcoming deadlines for a more accurate tutor match. Local school boards or districts remain responsible for official curriculum, placement, assessment, and graduation decisions. Book a tutor based on the student’s subject, goals, language needs, and schedule.","High","Retain route; editorial review for distinct useful local guidance before expansion","ontario-toronto","1.000"
"https://successpathmentors.net/en/locations/canada/ontario/kitchener","0","true","true","true","Online tutoring serves students throughout Kitchener; no physical branch is implied. Families in Kitchener can share their school or district, grade, course, current unit, and upcoming deadlines for a more accurate tutor match. Local school boards or districts remain responsible for official curriculum, placement, assessment, and graduation decisions. Book a tutor based on the student’s subject, goals, language needs, and schedule.","High","Retain route; editorial review for distinct useful local guidance before expansion","ontario-toronto","1.000"
"https://successpathmentors.net/en/locations/canada/quebec","0","true","true","true","Online tutoring serves students throughout Quebec; no physical branch is implied. Families should share the school, grade, course code where available, and current assignments. Local school boards or districts remain responsible for official curriculum, placement, assessment, and graduation decisions. Book a tutor based on the student’s subject, goals, language needs, and schedule.","High","Retain route; editorial review for distinct useful local guidance before expansion","ontario","1.000"
"https://successpathmentors.net/en/locations/canada/quebec/curriculum","0","true","true","true","Online tutoring serves students throughout Quebec Curriculum; no physical branch is implied. Families should share the school, grade, course code where available, and current assignments. Local school boards or districts remain responsible for official curriculum, placement, assessment, and graduation decisions. Book a tutor based on the student’s subject, goals, language needs, and schedule.","High","Retain route; editorial review for distinct useful local guidance before expansion","ontario-curriculum","1.000"
"https://successpathmentors.net/en/locations/canada/quebec/montreal","0","true","true","true","Online tutoring serves students throughout Montreal; no physical branch is implied. Families in Montreal can share their school or district, grade, course, current unit, and upcoming deadlines for a more accurate tutor match. Local school boards or districts remain responsible for official curriculum, placement, assessment, and graduation decisions. Book a tutor based on the student’s subject, goals, language needs, and schedule.","High","Retain route; editorial review for distinct useful local guidance before expansion","ontario-toronto","1.000"
"https://successpathmentors.net/en/locations/canada/quebec/laval","0","true","true","true","Online tutoring serves students throughout Laval; no physical branch is implied. Families in Laval can share their school or district, grade, course, current unit, and upcoming deadlines for a more accurate tutor match. Local school boards or districts remain responsible for official curriculum, placement, assessment, and graduation decisions. Book a tutor based on the student’s subject, goals, language needs, and schedule.","High","Retain route; editorial review for distinct useful local guidance before expansion","ontario-toronto","1.000"
"https://successpathmentors.net/en/locations/canada/quebec/quebec-city","0","true","true","true","Online tutoring serves students throughout Quebec City; no physical branch is implied. Families in Quebec City can share their school or district, grade, course, current unit, and upcoming deadlines for a more accurate tutor match. Local school boards or districts remain responsible for official curriculum, placement, assessment, and graduation decisions. Book a tutor based on the student’s subject, goals, language needs, and schedule.","High","Retain route; editorial review for distinct useful local guidance before expansion","ontario-toronto","1.000"
"https://successpathmentors.net/en/locations/canada/quebec/gatineau","0","true","true","true","Online tutoring serves students throughout Gatineau; no physical branch is implied. Families in Gatineau can share their school or district, grade, course, current unit, and upcoming deadlines for a more accurate tutor match. Local school boards or districts remain responsible for official curriculum, placement, assessment, and graduation decisions. Book a tutor based on the student’s subject, goals, language needs, and schedule.","High","Retain route; editorial review for distinct useful local guidance before expansion","ontario-toronto","1.000"
"https://successpathmentors.net/en/locations/canada/quebec/longueuil","0","true","true","true","Online tutoring serves students throughout Longueuil; no physical branch is implied. Families in Longueuil can share their school or district, grade, course, current unit, and upcoming deadlines for a more accurate tutor match. Local school boards or districts remain responsible for official curriculum, placement, assessment, and graduation decisions. Book a tutor based on the student’s subject, goals, language needs, and schedule.","High","Retain route; editorial review for distinct useful local guidance before expansion","ontario-toronto","1.000"
"https://successpathmentors.net/en/locations/canada/quebec/brossard","0","true","true","true","Online tutoring serves students throughout Brossard; no physical branch is implied. Families in Brossard can share their school or district, grade, course, current unit, and upcoming deadlines for a more accurate tutor match. Local school boards or districts remain responsible for official curriculum, placement, assessment, and graduation decisions. Book a tutor based on the student’s subject, goals, language needs, and schedule.","High","Retain route; editorial review for distinct useful local guidance before expansion","ontario-toronto","1.000"
"https://successpathmentors.net/en/locations/canada/quebec/sherbrooke","0","true","true","true","Online tutoring serves students throughout Sherbrooke; no physical branch is implied. Families in Sherbrooke can share their school or district, grade, course, current unit, and upcoming deadlines for a more accurate tutor match. Local school boards or districts remain responsible for official curriculum, placement, assessment, and graduation decisions. Book a tutor based on the student’s subject, goals, language needs, and schedule.","High","Retain route; editorial review for distinct useful local guidance before expansion","ontario-toronto","1.000"
"https://successpathmentors.net/en/locations/canada/alberta","0","true","true","true","Online tutoring serves students throughout Alberta; no physical branch is implied. Families should share the school, grade, course code where available, and current assignments. Local school boards or districts remain responsible for official curriculum, placement, assessment, and graduation decisions. Book a tutor based on the student’s subject, goals, language needs, and schedule.","High","Retain route; editorial review for distinct useful local guidance before expansion","ontario","1.000"
"https://successpathmentors.net/en/locations/canada/alberta/curriculum","0","true","true","true","Online tutoring serves students throughout Alberta Curriculum; no physical branch is implied. Families should share the school, grade, course code where available, and current assignments. Local school boards or districts remain responsible for official curriculum, placement, assessment, and graduation decisions. Book a tutor based on the student’s subject, goals, language needs, and schedule.","High","Retain route; editorial review for distinct useful local guidance before expansion","ontario-curriculum","1.000"
"https://successpathmentors.net/en/locations/canada/alberta/calgary","0","true","true","true","Online tutoring serves students throughout Calgary; no physical branch is implied. Families in Calgary can share their school or district, grade, course, current unit, and upcoming deadlines for a more accurate tutor match. Local school boards or districts remain responsible for official curriculum, placement, assessment, and graduation decisions. Book a tutor based on the student’s subject, goals, language needs, and schedule.","High","Retain route; editorial review for distinct useful local guidance before expansion","ontario-toronto","1.000"
"https://successpathmentors.net/en/locations/canada/alberta/edmonton","0","true","true","true","Online tutoring serves students throughout Edmonton; no physical branch is implied. Families in Edmonton can share their school or district, grade, course, current unit, and upcoming deadlines for a more accurate tutor match. Local school boards or districts remain responsible for official curriculum, placement, assessment, and graduation decisions. Book a tutor based on the student’s subject, goals, language needs, and schedule.","High","Retain route; editorial review for distinct useful local guidance before expansion","ontario-toronto","1.000"
"https://successpathmentors.net/en/locations/canada/alberta/red-deer","0","true","true","true","Online tutoring serves students throughout Red Deer; no physical branch is implied. Families in Red Deer can share their school or district, grade, course, current unit, and upcoming deadlines for a more accurate tutor match. Local school boards or districts remain responsible for official curriculum, placement, assessment, and graduation decisions. Book a tutor based on the student’s subject, goals, language needs, and schedule.","High","Retain route; editorial review for distinct useful local guidance before expansion","ontario-toronto","1.000"
"https://successpathmentors.net/en/locations/canada/alberta/lethbridge","0","true","true","true","Online tutoring serves students throughout Lethbridge; no physical branch is implied. Families in Lethbridge can share their school or district, grade, course, current unit, and upcoming deadlines for a more accurate tutor match. Local school boards or districts remain responsible for official curriculum, placement, assessment, and graduation decisions. Book a tutor based on the student’s subject, goals, language needs, and schedule.","High","Retain route; editorial review for distinct useful local guidance before expansion","ontario-toronto","1.000"
"https://successpathmentors.net/en/locations/canada/alberta/fort-mcmurray","0","true","true","true","Online tutoring serves students throughout Fort McMurray; no physical branch is implied. Families in Fort McMurray can share their school or district, grade, course, current unit, and upcoming deadlines for a more accurate tutor match. Local school boards or districts remain responsible for official curriculum, placement, assessment, and graduation decisions. Book a tutor based on the student’s subject, goals, language needs, and schedule.","High","Retain route; editorial review for distinct useful local guidance before expansion","ontario-toronto","1.000"
"https://successpathmentors.net/en/locations/canada/british-columbia","0","true","true","true","Online tutoring serves students throughout British Columbia; no physical branch is implied. Families should share the school, grade, course code where available, and current assignments. Local school boards or districts remain responsible for official curriculum, placement, assessment, and graduation decisions. Book a tutor based on the student’s subject, goals, language needs, and schedule.","High","Retain route; editorial review for distinct useful local guidance before expansion","ontario","1.000"
"https://successpathmentors.net/en/locations/canada/british-columbia/curriculum","0","true","true","true","Online tutoring serves students throughout British Columbia Curriculum; no physical branch is implied. Families should share the school, grade, course code where available, and current assignments. Local school boards or districts remain responsible for official curriculum, placement, assessment, and graduation decisions. Book a tutor based on the student’s subject, goals, language needs, and schedule.","High","Retain route; editorial review for distinct useful local guidance before expansion","ontario-curriculum","1.000"
"https://successpathmentors.net/en/locations/canada/british-columbia/vancouver","0","true","true","true","Online tutoring serves students throughout Vancouver; no physical branch is implied. Families in Vancouver can share their school or district, grade, course, current unit, and upcoming deadlines for a more accurate tutor match. Local school boards or districts remain responsible for official curriculum, placement, assessment, and graduation decisions. Book a tutor based on the student’s subject, goals, language needs, and schedule.","High","Retain route; editorial review for distinct useful local guidance before expansion","ontario-toronto","1.000"
"https://successpathmentors.net/en/locations/canada/british-columbia/surrey","0","true","true","true","Online tutoring serves students throughout Surrey; no physical branch is implied. Families in Surrey can share their school or district, grade, course, current unit, and upcoming deadlines for a more accurate tutor match. Local school boards or districts remain responsible for official curriculum, placement, assessment, and graduation decisions. Book a tutor based on the student’s subject, goals, language needs, and schedule.","High","Retain route; editorial review for distinct useful local guidance before expansion","ontario-toronto","1.000"
"https://successpathmentors.net/en/locations/canada/british-columbia/burnaby","0","true","true","true","Online tutoring serves students throughout Burnaby; no physical branch is implied. Families in Burnaby can share their school or district, grade, course, current unit, and upcoming deadlines for a more accurate tutor match. Local school boards or districts remain responsible for official curriculum, placement, assessment, and graduation decisions. Book a tutor based on the student’s subject, goals, language needs, and schedule.","High","Retain route; editorial review for distinct useful local guidance before expansion","ontario-toronto","1.000"
"https://successpathmentors.net/en/locations/canada/british-columbia/richmond","0","true","true","true","Online tutoring serves students throughout Richmond; no physical branch is implied. Families in Richmond can share their school or district, grade, course, current unit, and upcoming deadlines for a more accurate tutor match. Local school boards or districts remain responsible for official curriculum, placement, assessment, and graduation decisions. Book a tutor based on the student’s subject, goals, language needs, and schedule.","High","Retain route; editorial review for distinct useful local guidance before expansion","ontario-toronto","1.000"
"https://successpathmentors.net/en/locations/canada/british-columbia/coquitlam","0","true","true","true","Online tutoring serves students throughout Coquitlam; no physical branch is implied. Families in Coquitlam can share their school or district, grade, course, current unit, and upcoming deadlines for a more accurate tutor match. Local school boards or districts remain responsible for official curriculum, placement, assessment, and graduation decisions. Book a tutor based on the student’s subject, goals, language needs, and schedule.","High","Retain route; editorial review for distinct useful local guidance before expansion","ontario-toronto","1.000"
"https://successpathmentors.net/en/locations/canada/british-columbia/victoria","0","true","true","true","Online tutoring serves students throughout Victoria; no physical branch is implied. Families in Victoria can share their school or district, grade, course, current unit, and upcoming deadlines for a more accurate tutor match. Local school boards or districts remain responsible for official curriculum, placement, assessment, and graduation decisions. Book a tutor based on the student’s subject, goals, language needs, and schedule.","High","Retain route; editorial review for distinct useful local guidance before expansion","ontario-toronto","1.000"
"https://successpathmentors.net/en/locations/canada/british-columbia/kelowna","0","true","true","true","Online tutoring serves students throughout Kelowna; no physical branch is implied. Families in Kelowna can share their school or district, grade, course, current unit, and upcoming deadlines for a more accurate tutor match. Local school boards or districts remain responsible for official curriculum, placement, assessment, and graduation decisions. Book a tutor based on the student’s subject, goals, language needs, and schedule.","High","Retain route; editorial review for distinct useful local guidance before expansion","ontario-toronto","1.000"
"https://successpathmentors.net/en/locations/canada/manitoba","0","true","true","true","Online tutoring serves students throughout Manitoba; no physical branch is implied. Families should share the school, grade, course code where available, and current assignments. Local school boards or districts remain responsible for official curriculum, placement, assessment, and graduation decisions. Book a tutor based on the student’s subject, goals, language needs, and schedule.","High","Retain route; editorial review for distinct useful local guidance before expansion","ontario","1.000"
"https://successpathmentors.net/en/locations/canada/manitoba/curriculum","0","true","true","true","Online tutoring serves students throughout Manitoba Curriculum; no physical branch is implied. Families should share the school, grade, course code where available, and current assignments. Local school boards or districts remain responsible for official curriculum, placement, assessment, and graduation decisions. Book a tutor based on the student’s subject, goals, language needs, and schedule.","High","Retain route; editorial review for distinct useful local guidance before expansion","ontario-curriculum","1.000"
"https://successpathmentors.net/en/locations/canada/manitoba/winnipeg","0","true","true","true","Online tutoring serves students throughout Winnipeg; no physical branch is implied. Families in Winnipeg can share their school or district, grade, course, current unit, and upcoming deadlines for a more accurate tutor match. Local school boards or districts remain responsible for official curriculum, placement, assessment, and graduation decisions. Book a tutor based on the student’s subject, goals, language needs, and schedule.","High","Retain route; editorial review for distinct useful local guidance before expansion","ontario-toronto","1.000"
"https://successpathmentors.net/en/locations/canada/manitoba/brandon","0","true","true","true","Online tutoring serves students throughout Brandon; no physical branch is implied. Families in Brandon can share their school or district, grade, course, current unit, and upcoming deadlines for a more accurate tutor match. Local school boards or districts remain responsible for official curriculum, placement, assessment, and graduation decisions. Book a tutor based on the student’s subject, goals, language needs, and schedule.","High","Retain route; editorial review for distinct useful local guidance before expansion","ontario-toronto","1.000"
"https://successpathmentors.net/en/locations/canada/manitoba/steinbach","0","true","true","true","Online tutoring serves students throughout Steinbach; no physical branch is implied. Families in Steinbach can share their school or district, grade, course, current unit, and upcoming deadlines for a more accurate tutor match. Local school boards or districts remain responsible for official curriculum, placement, assessment, and graduation decisions. Book a tutor based on the student’s subject, goals, language needs, and schedule.","High","Retain route; editorial review for distinct useful local guidance before expansion","ontario-toronto","1.000"
"https://successpathmentors.net/en/locations/canada/saskatchewan","0","true","true","true","Online tutoring serves students throughout Saskatchewan; no physical branch is implied. Families should share the school, grade, course code where available, and current assignments. Local school boards or districts remain responsible for official curriculum, placement, assessment, and graduation decisions. Book a tutor based on the student’s subject, goals, language needs, and schedule.","High","Retain route; editorial review for distinct useful local guidance before expansion","ontario","1.000"
"https://successpathmentors.net/en/locations/canada/saskatchewan/curriculum","0","true","true","true","Online tutoring serves students throughout Saskatchewan Curriculum; no physical branch is implied. Families should share the school, grade, course code where available, and current assignments. Local school boards or districts remain responsible for official curriculum, placement, assessment, and graduation decisions. Book a tutor based on the student’s subject, goals, language needs, and schedule.","High","Retain route; editorial review for distinct useful local guidance before expansion","ontario-curriculum","1.000"
"https://successpathmentors.net/en/locations/canada/saskatchewan/saskatoon","0","true","true","true","Online tutoring serves students throughout Saskatoon; no physical branch is implied. Families in Saskatoon can share their school or district, grade, course, current unit, and upcoming deadlines for a more accurate tutor match. Local school boards or districts remain responsible for official curriculum, placement, assessment, and graduation decisions. Book a tutor based on the student’s subject, goals, language needs, and schedule.","High","Retain route; editorial review for distinct useful local guidance before expansion","ontario-toronto","1.000"
"https://successpathmentors.net/en/locations/canada/saskatchewan/regina","0","true","true","true","Online tutoring serves students throughout Regina; no physical branch is implied. Families in Regina can share their school or district, grade, course, current unit, and upcoming deadlines for a more accurate tutor match. Local school boards or districts remain responsible for official curriculum, placement, assessment, and graduation decisions. Book a tutor based on the student’s subject, goals, language needs, and schedule.","High","Retain route; editorial review for distinct useful local guidance before expansion","ontario-toronto","1.000"
"https://successpathmentors.net/en/locations/canada/saskatchewan/prince-albert","0","true","true","true","Online tutoring serves students throughout Prince Albert; no physical branch is implied. Families in Prince Albert can share their school or district, grade, course, current unit, and upcoming deadlines for a more accurate tutor match. Local school boards or districts remain responsible for official curriculum, placement, assessment, and graduation decisions. Book a tutor based on the student’s subject, goals, language needs, and schedule.","High","Retain route; editorial review for distinct useful local guidance before expansion","ontario-toronto","1.000"
"https://successpathmentors.net/en/locations/canada/nova-scotia","0","true","true","true","Online tutoring serves students throughout Nova Scotia; no physical branch is implied. Families should share the school, grade, course code where available, and current assignments. Local school boards or districts remain responsible for official curriculum, placement, assessment, and graduation decisions. Book a tutor based on the student’s subject, goals, language needs, and schedule.","High","Retain route; editorial review for distinct useful local guidance before expansion","ontario","1.000"
"https://successpathmentors.net/en/locations/canada/nova-scotia/curriculum","0","true","true","true","Online tutoring serves students throughout Nova Scotia Curriculum; no physical branch is implied. Families should share the school, grade, course code where available, and current assignments. Local school boards or districts remain responsible for official curriculum, placement, assessment, and graduation decisions. Book a tutor based on the student’s subject, goals, language needs, and schedule.","High","Retain route; editorial review for distinct useful local guidance before expansion","ontario-curriculum","1.000"
"https://successpathmentors.net/en/locations/canada/nova-scotia/halifax","0","true","true","true","Online tutoring serves students throughout Halifax; no physical branch is implied. Families in Halifax can share their school or district, grade, course, current unit, and upcoming deadlines for a more accurate tutor match. Local school boards or districts remain responsible for official curriculum, placement, assessment, and graduation decisions. Book a tutor based on the student’s subject, goals, language needs, and schedule.","High","Retain route; editorial review for distinct useful local guidance before expansion","ontario-toronto","1.000"
"https://successpathmentors.net/en/locations/canada/nova-scotia/dartmouth","0","true","true","true","Online tutoring serves students throughout Dartmouth; no physical branch is implied. Families in Dartmouth can share their school or district, grade, course, current unit, and upcoming deadlines for a more accurate tutor match. Local school boards or districts remain responsible for official curriculum, placement, assessment, and graduation decisions. Book a tutor based on the student’s subject, goals, language needs, and schedule.","High","Retain route; editorial review for distinct useful local guidance before expansion","ontario-toronto","1.000"
"https://successpathmentors.net/en/locations/canada/nova-scotia/sydney","0","true","true","true","Online tutoring serves students throughout Sydney; no physical branch is implied. Families in Sydney can share their school or district, grade, course, current unit, and upcoming deadlines for a more accurate tutor match. Local school boards or districts remain responsible for official curriculum, placement, assessment, and graduation decisions. Book a tutor based on the student’s subject, goals, language needs, and schedule.","High","Retain route; editorial review for distinct useful local guidance before expansion","ontario-toronto","1.000"
"https://successpathmentors.net/en/locations/canada/new-brunswick","0","true","true","true","Online tutoring serves students throughout New Brunswick; no physical branch is implied. Families should share the school, grade, course code where available, and current assignments. Local school boards or districts remain responsible for official curriculum, placement, assessment, and graduation decisions. Book a tutor based on the student’s subject, goals, language needs, and schedule.","High","Retain route; editorial review for distinct useful local guidance before expansion","ontario","1.000"
"https://successpathmentors.net/en/locations/canada/new-brunswick/curriculum","0","true","true","true","Online tutoring serves students throughout New Brunswick Curriculum; no physical branch is implied. Families should share the school, grade, course code where available, and current assignments. Local school boards or districts remain responsible for official curriculum, placement, assessment, and graduation decisions. Book a tutor based on the student’s subject, goals, language needs, and schedule.","High","Retain route; editorial review for distinct useful local guidance before expansion","ontario-curriculum","1.000"
"https://successpathmentors.net/en/locations/canada/new-brunswick/moncton","0","true","true","true","Online tutoring serves students throughout Moncton; no physical branch is implied. Families in Moncton can share their school or district, grade, course, current unit, and upcoming deadlines for a more accurate tutor match. Local school boards or districts remain responsible for official curriculum, placement, assessment, and graduation decisions. Book a tutor based on the student’s subject, goals, language needs, and schedule.","High","Retain route; editorial review for distinct useful local guidance before expansion","ontario-toronto","1.000"
"https://successpathmentors.net/en/locations/canada/new-brunswick/fredericton","0","true","true","true","Online tutoring serves students throughout Fredericton; no physical branch is implied. Families in Fredericton can share their school or district, grade, course, current unit, and upcoming deadlines for a more accurate tutor match. Local school boards or districts remain responsible for official curriculum, placement, assessment, and graduation decisions. Book a tutor based on the student’s subject, goals, language needs, and schedule.","High","Retain route; editorial review for distinct useful local guidance before expansion","ontario-toronto","1.000"
"https://successpathmentors.net/en/locations/canada/new-brunswick/saint-john","0","true","true","true","Online tutoring serves students throughout Saint John; no physical branch is implied. Families in Saint John can share their school or district, grade, course, current unit, and upcoming deadlines for a more accurate tutor match. Local school boards or districts remain responsible for official curriculum, placement, assessment, and graduation decisions. Book a tutor based on the student’s subject, goals, language needs, and schedule.","High","Retain route; editorial review for distinct useful local guidance before expansion","ontario-toronto","1.000"
"https://successpathmentors.net/en/locations/canada/newfoundland-and-labrador","0","true","true","true","Online tutoring serves students throughout Newfoundland and Labrador; no physical branch is implied. Families should share the school, grade, course code where available, and current assignments. Local school boards or districts remain responsible for official curriculum, placement, assessment, and graduation decisions. Book a tutor based on the student’s subject, goals, language needs, and schedule.","High","Retain route; editorial review for distinct useful local guidance before expansion","ontario","1.000"
"https://successpathmentors.net/en/locations/canada/newfoundland-and-labrador/curriculum","0","true","true","true","Online tutoring serves students throughout Newfoundland and Labrador Curriculum; no physical branch is implied. Families should share the school, grade, course code where available, and current assignments. Local school boards or districts remain responsible for official curriculum, placement, assessment, and graduation decisions. Book a tutor based on the student’s subject, goals, language needs, and schedule.","High","Retain route; editorial review for distinct useful local guidance before expansion","ontario-curriculum","1.000"
"https://successpathmentors.net/en/locations/canada/newfoundland-and-labrador/st-johns","0","true","true","true","Online tutoring serves students throughout St. John’s; no physical branch is implied. Families in St. John’s can share their school or district, grade, course, current unit, and upcoming deadlines for a more accurate tutor match. Local school boards or districts remain responsible for official curriculum, placement, assessment, and graduation decisions. Book a tutor based on the student’s subject, goals, language needs, and schedule.","High","Retain route; editorial review for distinct useful local guidance before expansion","ontario-toronto","1.000"
"https://successpathmentors.net/en/locations/canada/newfoundland-and-labrador/mount-pearl","0","true","true","true","Online tutoring serves students throughout Mount Pearl; no physical branch is implied. Families in Mount Pearl can share their school or district, grade, course, current unit, and upcoming deadlines for a more accurate tutor match. Local school boards or districts remain responsible for official curriculum, placement, assessment, and graduation decisions. Book a tutor based on the student’s subject, goals, language needs, and schedule.","High","Retain route; editorial review for distinct useful local guidance before expansion","ontario-toronto","1.000"
"https://successpathmentors.net/en/locations/canada/newfoundland-and-labrador/corner-brook","0","true","true","true","Online tutoring serves students throughout Corner Brook; no physical branch is implied. Families in Corner Brook can share their school or district, grade, course, current unit, and upcoming deadlines for a more accurate tutor match. Local school boards or districts remain responsible for official curriculum, placement, assessment, and graduation decisions. Book a tutor based on the student’s subject, goals, language needs, and schedule.","High","Retain route; editorial review for distinct useful local guidance before expansion","ontario-toronto","1.000"
"https://successpathmentors.net/en/locations/canada/prince-edward-island","0","true","true","true","Online tutoring serves students throughout Prince Edward Island; no physical branch is implied. Families should share the school, grade, course code where available, and current assignments. Local school boards or districts remain responsible for official curriculum, placement, assessment, and graduation decisions. Book a tutor based on the student’s subject, goals, language needs, and schedule.","High","Retain route; editorial review for distinct useful local guidance before expansion","ontario","1.000"
"https://successpathmentors.net/en/locations/canada/prince-edward-island/curriculum","0","true","true","true","Online tutoring serves students throughout Prince Edward Island Curriculum; no physical branch is implied. Families should share the school, grade, course code where available, and current assignments. Local school boards or districts remain responsible for official curriculum, placement, assessment, and graduation decisions. Book a tutor based on the student’s subject, goals, language needs, and schedule.","High","Retain route; editorial review for distinct useful local guidance before expansion","ontario-curriculum","1.000"
"https://successpathmentors.net/en/locations/canada/prince-edward-island/charlottetown","0","true","true","true","Online tutoring serves students throughout Charlottetown; no physical branch is implied. Families in Charlottetown can share their school or district, grade, course, current unit, and upcoming deadlines for a more accurate tutor match. Local school boards or districts remain responsible for official curriculum, placement, assessment, and graduation decisions. Book a tutor based on the student’s subject, goals, language needs, and schedule.","High","Retain route; editorial review for distinct useful local guidance before expansion","ontario-toronto","1.000"
"https://successpathmentors.net/en/locations/canada/prince-edward-island/summerside","0","true","true","true","Online tutoring serves students throughout Summerside; no physical branch is implied. Families in Summerside can share their school or district, grade, course, current unit, and upcoming deadlines for a more accurate tutor match. Local school boards or districts remain responsible for official curriculum, placement, assessment, and graduation decisions. Book a tutor based on the student’s subject, goals, language needs, and schedule.","High","Retain route; editorial review for distinct useful local guidance before expansion","ontario-toronto","1.000"
"https://successpathmentors.net/en/locations/canada/yukon","0","true","true","true","Online tutoring serves students throughout Yukon; no physical branch is implied. Families should share the school, grade, course code where available, and current assignments. Local school boards or districts remain responsible for official curriculum, placement, assessment, and graduation decisions. Book a tutor based on the student’s subject, goals, language needs, and schedule.","High","Retain route; editorial review for distinct useful local guidance before expansion","ontario","1.000"
"https://successpathmentors.net/en/locations/canada/yukon/curriculum","0","true","true","true","Online tutoring serves students throughout Yukon Curriculum; no physical branch is implied. Families should share the school, grade, course code where available, and current assignments. Local school boards or districts remain responsible for official curriculum, placement, assessment, and graduation decisions. Book a tutor based on the student’s subject, goals, language needs, and schedule.","High","Retain route; editorial review for distinct useful local guidance before expansion","ontario-curriculum","1.000"
"https://successpathmentors.net/en/locations/canada/yukon/whitehorse","0","true","true","true","Online tutoring serves students throughout Whitehorse; no physical branch is implied. Families in Whitehorse can share their school or district, grade, course, current unit, and upcoming deadlines for a more accurate tutor match. Local school boards or districts remain responsible for official curriculum, placement, assessment, and graduation decisions. Book a tutor based on the student’s subject, goals, language needs, and schedule.","High","Retain route; editorial review for distinct useful local guidance before expansion","ontario-toronto","1.000"
"https://successpathmentors.net/en/locations/canada/northwest-territories","0","true","true","true","Online tutoring serves students throughout Northwest Territories; no physical branch is implied. Families should share the school, grade, course code where available, and current assignments. Local school boards or districts remain responsible for official curriculum, placement, assessment, and graduation decisions. Book a tutor based on the student’s subject, goals, language needs, and schedule.","High","Retain route; editorial review for distinct useful local guidance before expansion","ontario","1.000"
"https://successpathmentors.net/en/locations/canada/northwest-territories/curriculum","0","true","true","true","Online tutoring serves students throughout Northwest Territories Curriculum; no physical branch is implied. Families should share the school, grade, course code where available, and current assignments. Local school boards or districts remain responsible for official curriculum, placement, assessment, and graduation decisions. Book a tutor based on the student’s subject, goals, language needs, and schedule.","High","Retain route; editorial review for distinct useful local guidance before expansion","ontario-curriculum","1.000"
"https://successpathmentors.net/en/locations/canada/northwest-territories/yellowknife","0","true","true","true","Online tutoring serves students throughout Yellowknife; no physical branch is implied. Families in Yellowknife can share their school or district, grade, course, current unit, and upcoming deadlines for a more accurate tutor match. Local school boards or districts remain responsible for official curriculum, placement, assessment, and graduation decisions. Book a tutor based on the student’s subject, goals, language needs, and schedule.","High","Retain route; editorial review for distinct useful local guidance before expansion","ontario-toronto","1.000"
"https://successpathmentors.net/en/locations/canada/nunavut","0","true","true","true","Online tutoring serves students throughout Nunavut; no physical branch is implied. Families should share the school, grade, course code where available, and current assignments. Local school boards or districts remain responsible for official curriculum, placement, assessment, and graduation decisions. Book a tutor based on the student’s subject, goals, language needs, and schedule.","High","Retain route; editorial review for distinct useful local guidance before expansion","ontario","1.000"
"https://successpathmentors.net/en/locations/canada/nunavut/curriculum","0","true","true","true","Online tutoring serves students throughout Nunavut Curriculum; no physical branch is implied. Families should share the school, grade, course code where available, and current assignments. Local school boards or districts remain responsible for official curriculum, placement, assessment, and graduation decisions. Book a tutor based on the student’s subject, goals, language needs, and schedule.","High","Retain route; editorial review for distinct useful local guidance before expansion","ontario-curriculum","1.000"
"https://successpathmentors.net/en/locations/canada/nunavut/iqaluit","0","true","true","true","Online tutoring serves students throughout Iqaluit; no physical branch is implied. Families in Iqaluit can share their school or district, grade, course, current unit, and upcoming deadlines for a more accurate tutor match. Local school boards or districts remain responsible for official curriculum, placement, assessment, and graduation decisions. Book a tutor based on the student’s subject, goals, language needs, and schedule.","High","Retain route; editorial review for distinct useful local guidance before expansion","ontario-toronto","1.000"
"https://successpathmentors.net/en/locations/united-states","0","true","true","true","Online tutoring serves students throughout United States; no physical branch is implied. Families should share the school, grade, course code where available, and current assignments. Local school boards or districts remain responsible for official curriculum, placement, assessment, and graduation decisions. Book a tutor based on the student’s subject, goals, language needs, and schedule.","High","Retain route; editorial review for distinct useful local guidance before expansion","canada","1.000"
"https://successpathmentors.net/en/locations/united-states/alabama","0","true","true","true","Online tutoring serves students throughout Alabama; no physical branch is implied. Families should share the school, grade, course code where available, and current assignments. Local school boards or districts remain responsible for official curriculum, placement, assessment, and graduation decisions. Book a tutor based on the student’s subject, goals, language needs, and schedule.","High","Retain route; editorial review for distinct useful local guidance before expansion","ontario","1.000"
"https://successpathmentors.net/en/locations/united-states/alabama/curriculum","0","true","true","true","Online tutoring serves students throughout Alabama Curriculum; no physical branch is implied. Families should share the school, grade, course code where available, and current assignments. Local school boards or districts remain responsible for official curriculum, placement, assessment, and graduation decisions. Book a tutor based on the student’s subject, goals, language needs, and schedule.","High","Retain route; editorial review for distinct useful local guidance before expansion","ontario-curriculum","1.000"
"https://successpathmentors.net/en/locations/united-states/alabama/birmingham","0","true","true","true","Online tutoring serves students throughout Birmingham; no physical branch is implied. Families in Birmingham can share their school or district, grade, course, current unit, and upcoming deadlines for a more accurate tutor match. Local school boards or districts remain responsible for official curriculum, placement, assessment, and graduation decisions. Book a tutor based on the student’s subject, goals, language needs, and schedule.","High","Retain route; editorial review for distinct useful local guidance before expansion","ontario-toronto","1.000"
"https://successpathmentors.net/en/locations/united-states/alabama/montgomery","0","true","true","true","Online tutoring serves students throughout Montgomery; no physical branch is implied. Families in Montgomery can share their school or district, grade, course, current unit, and upcoming deadlines for a more accurate tutor match. Local school boards or districts remain responsible for official curriculum, placement, assessment, and graduation decisions. Book a tutor based on the student’s subject, goals, language needs, and schedule.","High","Retain route; editorial review for distinct useful local guidance before expansion","ontario-toronto","1.000"
"https://successpathmentors.net/en/locations/united-states/alabama/huntsville","0","true","true","true","Online tutoring serves students throughout Huntsville; no physical branch is implied. Families in Huntsville can share their school or district, grade, course, current unit, and upcoming deadlines for a more accurate tutor match. Local school boards or districts remain responsible for official curriculum, placement, assessment, and graduation decisions. Book a tutor based on the student’s subject, goals, language needs, and schedule.","High","Retain route; editorial review for distinct useful local guidance before expansion","ontario-toronto","1.000"
"https://successpathmentors.net/en/locations/united-states/alaska","0","true","true","true","Online tutoring serves students throughout Alaska; no physical branch is implied. Families should share the school, grade, course code where available, and current assignments. Local school boards or districts remain responsible for official curriculum, placement, assessment, and graduation decisions. Book a tutor based on the student’s subject, goals, language needs, and schedule.","High","Retain route; editorial review for distinct useful local guidance before expansion","ontario","1.000"
"https://successpathmentors.net/en/locations/united-states/alaska/curriculum","0","true","true","true","Online tutoring serves students throughout Alaska Curriculum; no physical branch is implied. Families should share the school, grade, course code where available, and current assignments. Local school boards or districts remain responsible for official curriculum, placement, assessment, and graduation decisions. Book a tutor based on the student’s subject, goals, language needs, and schedule.","High","Retain route; editorial review for distinct useful local guidance before expansion","ontario-curriculum","1.000"
"https://successpathmentors.net/en/locations/united-states/alaska/anchorage","0","true","true","true","Online tutoring serves students throughout Anchorage; no physical branch is implied. Families in Anchorage can share their school or district, grade, course, current unit, and upcoming deadlines for a more accurate tutor match. Local school boards or districts remain responsible for official curriculum, placement, assessment, and graduation decisions. Book a tutor based on the student’s subject, goals, language needs, and schedule.","High","Retain route; editorial review for distinct useful local guidance before expansion","ontario-toronto","1.000"
"https://successpathmentors.net/en/locations/united-states/alaska/fairbanks","0","true","true","true","Online tutoring serves students throughout Fairbanks; no physical branch is implied. Families in Fairbanks can share their school or district, grade, course, current unit, and upcoming deadlines for a more accurate tutor match. Local school boards or districts remain responsible for official curriculum, placement, assessment, and graduation decisions. Book a tutor based on the student’s subject, goals, language needs, and schedule.","High","Retain route; editorial review for distinct useful local guidance before expansion","ontario-toronto","1.000"
"https://successpathmentors.net/en/locations/united-states/alaska/juneau","0","true","true","true","Online tutoring serves students throughout Juneau; no physical branch is implied. Families in Juneau can share their school or district, grade, course, current unit, and upcoming deadlines for a more accurate tutor match. Local school boards or districts remain responsible for official curriculum, placement, assessment, and graduation decisions. Book a tutor based on the student’s subject, goals, language needs, and schedule.","High","Retain route; editorial review for distinct useful local guidance before expansion","ontario-toronto","1.000"
"https://successpathmentors.net/en/locations/united-states/arizona","0","true","true","true","Online tutoring serves students throughout Arizona; no physical branch is implied. Families should share the school, grade, course code where available, and current assignments. Local school boards or districts remain responsible for official curriculum, placement, assessment, and graduation decisions. Book a tutor based on the student’s subject, goals, language needs, and schedule.","High","Retain route; editorial review for distinct useful local guidance before expansion","ontario","1.000"
"https://successpathmentors.net/en/locations/united-states/arizona/curriculum","0","true","true","true","Online tutoring serves students throughout Arizona Curriculum; no physical branch is implied. Families should share the school, grade, course code where available, and current assignments. Local school boards or districts remain responsible for official curriculum, placement, assessment, and graduation decisions. Book a tutor based on the student’s subject, goals, language needs, and schedule.","High","Retain route; editorial review for distinct useful local guidance before expansion","ontario-curriculum","1.000"
"https://successpathmentors.net/en/locations/united-states/arizona/phoenix","0","true","true","true","Online tutoring serves students throughout Phoenix; no physical branch is implied. Families in Phoenix can share their school or district, grade, course, current unit, and upcoming deadlines for a more accurate tutor match. Local school boards or districts remain responsible for official curriculum, placement, assessment, and graduation decisions. Book a tutor based on the student’s subject, goals, language needs, and schedule.","High","Retain route; editorial review for distinct useful local guidance before expansion","ontario-toronto","1.000"
"https://successpathmentors.net/en/locations/united-states/arizona/tucson","0","true","true","true","Online tutoring serves students throughout Tucson; no physical branch is implied. Families in Tucson can share their school or district, grade, course, current unit, and upcoming deadlines for a more accurate tutor match. Local school boards or districts remain responsible for official curriculum, placement, assessment, and graduation decisions. Book a tutor based on the student’s subject, goals, language needs, and schedule.","High","Retain route; editorial review for distinct useful local guidance before expansion","ontario-toronto","1.000"
"https://successpathmentors.net/en/locations/united-states/arizona/mesa","0","true","true","true","Online tutoring serves students throughout Mesa; no physical branch is implied. Families in Mesa can share their school or district, grade, course, current unit, and upcoming deadlines for a more accurate tutor match. Local school boards or districts remain responsible for official curriculum, placement, assessment, and graduation decisions. Book a tutor based on the student’s subject, goals, language needs, and schedule.","High","Retain route; editorial review for distinct useful local guidance before expansion","ontario-toronto","1.000"
"https://successpathmentors.net/en/locations/united-states/arkansas","0","true","true","true","Online tutoring serves students throughout Arkansas; no physical branch is implied. Families should share the school, grade, course code where available, and current assignments. Local school boards or districts remain responsible for official curriculum, placement, assessment, and graduation decisions. Book a tutor based on the student’s subject, goals, language needs, and schedule.","High","Retain route; editorial review for distinct useful local guidance before expansion","ontario","1.000"
"https://successpathmentors.net/en/locations/united-states/arkansas/curriculum","0","true","true","true","Online tutoring serves students throughout Arkansas Curriculum; no physical branch is implied. Families should share the school, grade, course code where available, and current assignments. Local school boards or districts remain responsible for official curriculum, placement, assessment, and graduation decisions. Book a tutor based on the student’s subject, goals, language needs, and schedule.","High","Retain route; editorial review for distinct useful local guidance before expansion","ontario-curriculum","1.000"
"https://successpathmentors.net/en/locations/united-states/arkansas/little-rock","0","true","true","true","Online tutoring serves students throughout Little Rock; no physical branch is implied. Families in Little Rock can share their school or district, grade, course, current unit, and upcoming deadlines for a more accurate tutor match. Local school boards or districts remain responsible for official curriculum, placement, assessment, and graduation decisions. Book a tutor based on the student’s subject, goals, language needs, and schedule.","High","Retain route; editorial review for distinct useful local guidance before expansion","ontario-toronto","1.000"
"https://successpathmentors.net/en/locations/united-states/arkansas/fayetteville","0","true","true","true","Online tutoring serves students throughout Fayetteville; no physical branch is implied. Families in Fayetteville can share their school or district, grade, course, current unit, and upcoming deadlines for a more accurate tutor match. Local school boards or districts remain responsible for official curriculum, placement, assessment, and graduation decisions. Book a tutor based on the student’s subject, goals, language needs, and schedule.","High","Retain route; editorial review for distinct useful local guidance before expansion","ontario-toronto","1.000"
"https://successpathmentors.net/en/locations/united-states/arkansas/fort-smith","0","true","true","true","Online tutoring serves students throughout Fort Smith; no physical branch is implied. Families in Fort Smith can share their school or district, grade, course, current unit, and upcoming deadlines for a more accurate tutor match. Local school boards or districts remain responsible for official curriculum, placement, assessment, and graduation decisions. Book a tutor based on the student’s subject, goals, language needs, and schedule.","High","Retain route; editorial review for distinct useful local guidance before expansion","ontario-toronto","1.000"
"https://successpathmentors.net/en/locations/united-states/california","0","true","true","true","Online tutoring serves students throughout California; no physical branch is implied. Families should share the school, grade, course code where available, and current assignments. Local school boards or districts remain responsible for official curriculum, placement, assessment, and graduation decisions. Book a tutor based on the student’s subject, goals, language needs, and schedule.","High","Retain route; editorial review for distinct useful local guidance before expansion","ontario","1.000"
"https://successpathmentors.net/en/locations/united-states/california/curriculum","0","true","true","true","Online tutoring serves students throughout California Curriculum; no physical branch is implied. Families should share the school, grade, course code where available, and current assignments. Local school boards or districts remain responsible for official curriculum, placement, assessment, and graduation decisions. Book a tutor based on the student’s subject, goals, language needs, and schedule.","High","Retain route; editorial review for distinct useful local guidance before expansion","ontario-curriculum","1.000"
"https://successpathmentors.net/en/locations/united-states/california/los-angeles","0","true","true","true","Online tutoring serves students throughout Los Angeles; no physical branch is implied. Families in Los Angeles can share their school or district, grade, course, current unit, and upcoming deadlines for a more accurate tutor match. Local school boards or districts remain responsible for official curriculum, placement, assessment, and graduation decisions. Book a tutor based on the student’s subject, goals, language needs, and schedule.","High","Retain route; editorial review for distinct useful local guidance before expansion","ontario-toronto","1.000"
"https://successpathmentors.net/en/locations/united-states/california/san-diego","0","true","true","true","Online tutoring serves students throughout San Diego; no physical branch is implied. Families in San Diego can share their school or district, grade, course, current unit, and upcoming deadlines for a more accurate tutor match. Local school boards or districts remain responsible for official curriculum, placement, assessment, and graduation decisions. Book a tutor based on the student’s subject, goals, language needs, and schedule.","High","Retain route; editorial review for distinct useful local guidance before expansion","ontario-toronto","1.000"
"https://successpathmentors.net/en/locations/united-states/california/san-francisco","0","true","true","true","Online tutoring serves students throughout San Francisco; no physical branch is implied. Families in San Francisco can share their school or district, grade, course, current unit, and upcoming deadlines for a more accurate tutor match. Local school boards or districts remain responsible for official curriculum, placement, assessment, and graduation decisions. Book a tutor based on the student’s subject, goals, language needs, and schedule.","High","Retain route; editorial review for distinct useful local guidance before expansion","ontario-toronto","1.000"
"https://successpathmentors.net/en/locations/united-states/california/san-jose","0","true","true","true","Online tutoring serves students throughout San Jose; no physical branch is implied. Families in San Jose can share their school or district, grade, course, current unit, and upcoming deadlines for a more accurate tutor match. Local school boards or districts remain responsible for official curriculum, placement, assessment, and graduation decisions. Book a tutor based on the student’s subject, goals, language needs, and schedule.","High","Retain route; editorial review for distinct useful local guidance before expansion","ontario-toronto","1.000"
"https://successpathmentors.net/en/locations/united-states/california/anaheim","0","true","true","true","Online tutoring serves students throughout Anaheim; no physical branch is implied. Families in Anaheim can share their school or district, grade, course, current unit, and upcoming deadlines for a more accurate tutor match. Local school boards or districts remain responsible for official curriculum, placement, assessment, and graduation decisions. Book a tutor based on the student’s subject, goals, language needs, and schedule.","High","Retain route; editorial review for distinct useful local guidance before expansion","ontario-toronto","1.000"
"https://successpathmentors.net/en/locations/united-states/california/sacramento","0","true","true","true","Online tutoring serves students throughout Sacramento; no physical branch is implied. Families in Sacramento can share their school or district, grade, course, current unit, and upcoming deadlines for a more accurate tutor match. Local school boards or districts remain responsible for official curriculum, placement, assessment, and graduation decisions. Book a tutor based on the student’s subject, goals, language needs, and schedule.","High","Retain route; editorial review for distinct useful local guidance before expansion","ontario-toronto","1.000"
"https://successpathmentors.net/en/locations/united-states/california/fresno","0","true","true","true","Online tutoring serves students throughout Fresno; no physical branch is implied. Families in Fresno can share their school or district, grade, course, current unit, and upcoming deadlines for a more accurate tutor match. Local school boards or districts remain responsible for official curriculum, placement, assessment, and graduation decisions. Book a tutor based on the student’s subject, goals, language needs, and schedule.","High","Retain route; editorial review for distinct useful local guidance before expansion","ontario-toronto","1.000"
"https://successpathmentors.net/en/locations/united-states/colorado","0","true","true","true","Online tutoring serves students throughout Colorado; no physical branch is implied. Families should share the school, grade, course code where available, and current assignments. Local school boards or districts remain responsible for official curriculum, placement, assessment, and graduation decisions. Book a tutor based on the student’s subject, goals, language needs, and schedule.","High","Retain route; editorial review for distinct useful local guidance before expansion","ontario","1.000"
"https://successpathmentors.net/en/locations/united-states/colorado/curriculum","0","true","true","true","Online tutoring serves students throughout Colorado Curriculum; no physical branch is implied. Families should share the school, grade, course code where available, and current assignments. Local school boards or districts remain responsible for official curriculum, placement, assessment, and graduation decisions. Book a tutor based on the student’s subject, goals, language needs, and schedule.","High","Retain route; editorial review for distinct useful local guidance before expansion","ontario-curriculum","1.000"
"https://successpathmentors.net/en/locations/united-states/colorado/denver","0","true","true","true","Online tutoring serves students throughout Denver; no physical branch is implied. Families in Denver can share their school or district, grade, course, current unit, and upcoming deadlines for a more accurate tutor match. Local school boards or districts remain responsible for official curriculum, placement, assessment, and graduation decisions. Book a tutor based on the student’s subject, goals, language needs, and schedule.","High","Retain route; editorial review for distinct useful local guidance before expansion","ontario-toronto","1.000"
"https://successpathmentors.net/en/locations/united-states/colorado/aurora","0","true","true","true","Online tutoring serves students throughout Aurora; no physical branch is implied. Families in Aurora can share their school or district, grade, course, current unit, and upcoming deadlines for a more accurate tutor match. Local school boards or districts remain responsible for official curriculum, placement, assessment, and graduation decisions. Book a tutor based on the student’s subject, goals, language needs, and schedule.","High","Retain route; editorial review for distinct useful local guidance before expansion","ontario-toronto","1.000"
"https://successpathmentors.net/en/locations/united-states/colorado/colorado-springs","0","true","true","true","Online tutoring serves students throughout Colorado Springs; no physical branch is implied. Families in Colorado Springs can share their school or district, grade, course, current unit, and upcoming deadlines for a more accurate tutor match. Local school boards or districts remain responsible for official curriculum, placement, assessment, and graduation decisions. Book a tutor based on the student’s subject, goals, language needs, and schedule.","High","Retain route; editorial review for distinct useful local guidance before expansion","ontario-toronto","1.000"
"https://successpathmentors.net/en/locations/united-states/connecticut","0","true","true","true","Online tutoring serves students throughout Connecticut; no physical branch is implied. Families should share the school, grade, course code where available, and current assignments. Local school boards or districts remain responsible for official curriculum, placement, assessment, and graduation decisions. Book a tutor based on the student’s subject, goals, language needs, and schedule.","High","Retain route; editorial review for distinct useful local guidance before expansion","ontario","1.000"
"https://successpathmentors.net/en/locations/united-states/connecticut/curriculum","0","true","true","true","Online tutoring serves students throughout Connecticut Curriculum; no physical branch is implied. Families should share the school, grade, course code where available, and current assignments. Local school boards or districts remain responsible for official curriculum, placement, assessment, and graduation decisions. Book a tutor based on the student’s subject, goals, language needs, and schedule.","High","Retain route; editorial review for distinct useful local guidance before expansion","ontario-curriculum","1.000"
"https://successpathmentors.net/en/locations/united-states/connecticut/bridgeport","0","true","true","true","Online tutoring serves students throughout Bridgeport; no physical branch is implied. Families in Bridgeport can share their school or district, grade, course, current unit, and upcoming deadlines for a more accurate tutor match. Local school boards or districts remain responsible for official curriculum, placement, assessment, and graduation decisions. Book a tutor based on the student’s subject, goals, language needs, and schedule.","High","Retain route; editorial review for distinct useful local guidance before expansion","ontario-toronto","1.000"
"https://successpathmentors.net/en/locations/united-states/connecticut/hartford","0","true","true","true","Online tutoring serves students throughout Hartford; no physical branch is implied. Families in Hartford can share their school or district, grade, course, current unit, and upcoming deadlines for a more accurate tutor match. Local school boards or districts remain responsible for official curriculum, placement, assessment, and graduation decisions. Book a tutor based on the student’s subject, goals, language needs, and schedule.","High","Retain route; editorial review for distinct useful local guidance before expansion","ontario-toronto","1.000"
"https://successpathmentors.net/en/locations/united-states/connecticut/new-haven","0","true","true","true","Online tutoring serves students throughout New Haven; no physical branch is implied. Families in New Haven can share their school or district, grade, course, current unit, and upcoming deadlines for a more accurate tutor match. Local school boards or districts remain responsible for official curriculum, placement, assessment, and graduation decisions. Book a tutor based on the student’s subject, goals, language needs, and schedule.","High","Retain route; editorial review for distinct useful local guidance before expansion","ontario-toronto","1.000"
"https://successpathmentors.net/en/locations/united-states/delaware","0","true","true","true","Online tutoring serves students throughout Delaware; no physical branch is implied. Families should share the school, grade, course code where available, and current assignments. Local school boards or districts remain responsible for official curriculum, placement, assessment, and graduation decisions. Book a tutor based on the student’s subject, goals, language needs, and schedule.","High","Retain route; editorial review for distinct useful local guidance before expansion","ontario","1.000"
"https://successpathmentors.net/en/locations/united-states/delaware/curriculum","0","true","true","true","Online tutoring serves students throughout Delaware Curriculum; no physical branch is implied. Families should share the school, grade, course code where available, and current assignments. Local school boards or districts remain responsible for official curriculum, placement, assessment, and graduation decisions. Book a tutor based on the student’s subject, goals, language needs, and schedule.","High","Retain route; editorial review for distinct useful local guidance before expansion","ontario-curriculum","1.000"
"https://successpathmentors.net/en/locations/united-states/delaware/wilmington","0","true","true","true","Online tutoring serves students throughout Wilmington; no physical branch is implied. Families in Wilmington can share their school or district, grade, course, current unit, and upcoming deadlines for a more accurate tutor match. Local school boards or districts remain responsible for official curriculum, placement, assessment, and graduation decisions. Book a tutor based on the student’s subject, goals, language needs, and schedule.","High","Retain route; editorial review for distinct useful local guidance before expansion","ontario-toronto","1.000"
"https://successpathmentors.net/en/locations/united-states/delaware/dover","0","true","true","true","Online tutoring serves students throughout Dover; no physical branch is implied. Families in Dover can share their school or district, grade, course, current unit, and upcoming deadlines for a more accurate tutor match. Local school boards or districts remain responsible for official curriculum, placement, assessment, and graduation decisions. Book a tutor based on the student’s subject, goals, language needs, and schedule.","High","Retain route; editorial review for distinct useful local guidance before expansion","ontario-toronto","1.000"
"https://successpathmentors.net/en/locations/united-states/delaware/newark","0","true","true","true","Online tutoring serves students throughout Newark; no physical branch is implied. Families in Newark can share their school or district, grade, course, current unit, and upcoming deadlines for a more accurate tutor match. Local school boards or districts remain responsible for official curriculum, placement, assessment, and graduation decisions. Book a tutor based on the student’s subject, goals, language needs, and schedule.","High","Retain route; editorial review for distinct useful local guidance before expansion","ontario-toronto","1.000"
"https://successpathmentors.net/en/locations/united-states/florida","0","true","true","true","Online tutoring serves students throughout Florida; no physical branch is implied. Families should share the school, grade, course code where available, and current assignments. Local school boards or districts remain responsible for official curriculum, placement, assessment, and graduation decisions. Book a tutor based on the student’s subject, goals, language needs, and schedule.","High","Retain route; editorial review for distinct useful local guidance before expansion","ontario","1.000"
"https://successpathmentors.net/en/locations/united-states/florida/curriculum","0","true","true","true","Online tutoring serves students throughout Florida Curriculum; no physical branch is implied. Families should share the school, grade, course code where available, and current assignments. Local school boards or districts remain responsible for official curriculum, placement, assessment, and graduation decisions. Book a tutor based on the student’s subject, goals, language needs, and schedule.","High","Retain route; editorial review for distinct useful local guidance before expansion","ontario-curriculum","1.000"
"https://successpathmentors.net/en/locations/united-states/florida/miami","0","true","true","true","Online tutoring serves students throughout Miami; no physical branch is implied. Families in Miami can share their school or district, grade, course, current unit, and upcoming deadlines for a more accurate tutor match. Local school boards or districts remain responsible for official curriculum, placement, assessment, and graduation decisions. Book a tutor based on the student’s subject, goals, language needs, and schedule.","High","Retain route; editorial review for distinct useful local guidance before expansion","ontario-toronto","1.000"
"https://successpathmentors.net/en/locations/united-states/florida/orlando","0","true","true","true","Online tutoring serves students throughout Orlando; no physical branch is implied. Families in Orlando can share their school or district, grade, course, current unit, and upcoming deadlines for a more accurate tutor match. Local school boards or districts remain responsible for official curriculum, placement, assessment, and graduation decisions. Book a tutor based on the student’s subject, goals, language needs, and schedule.","High","Retain route; editorial review for distinct useful local guidance before expansion","ontario-toronto","1.000"
"https://successpathmentors.net/en/locations/united-states/florida/tampa","0","true","true","true","Online tutoring serves students throughout Tampa; no physical branch is implied. Families in Tampa can share their school or district, grade, course, current unit, and upcoming deadlines for a more accurate tutor match. Local school boards or districts remain responsible for official curriculum, placement, assessment, and graduation decisions. Book a tutor based on the student’s subject, goals, language needs, and schedule.","High","Retain route; editorial review for distinct useful local guidance before expansion","ontario-toronto","1.000"
"https://successpathmentors.net/en/locations/united-states/florida/jacksonville","0","true","true","true","Online tutoring serves students throughout Jacksonville; no physical branch is implied. Families in Jacksonville can share their school or district, grade, course, current unit, and upcoming deadlines for a more accurate tutor match. Local school boards or districts remain responsible for official curriculum, placement, assessment, and graduation decisions. Book a tutor based on the student’s subject, goals, language needs, and schedule.","High","Retain route; editorial review for distinct useful local guidance before expansion","ontario-toronto","1.000"
"https://successpathmentors.net/en/locations/united-states/florida/fort-lauderdale","0","true","true","true","Online tutoring serves students throughout Fort Lauderdale; no physical branch is implied. Families in Fort Lauderdale can share their school or district, grade, course, current unit, and upcoming deadlines for a more accurate tutor match. Local school boards or districts remain responsible for official curriculum, placement, assessment, and graduation decisions. Book a tutor based on the student’s subject, goals, language needs, and schedule.","High","Retain route; editorial review for distinct useful local guidance before expansion","ontario-toronto","1.000"
"https://successpathmentors.net/en/locations/united-states/georgia","0","true","true","true","Online tutoring serves students throughout Georgia; no physical branch is implied. Families should share the school, grade, course code where available, and current assignments. Local school boards or districts remain responsible for official curriculum, placement, assessment, and graduation decisions. Book a tutor based on the student’s subject, goals, language needs, and schedule.","High","Retain route; editorial review for distinct useful local guidance before expansion","ontario","1.000"
"https://successpathmentors.net/en/locations/united-states/georgia/curriculum","0","true","true","true","Online tutoring serves students throughout Georgia Curriculum; no physical branch is implied. Families should share the school, grade, course code where available, and current assignments. Local school boards or districts remain responsible for official curriculum, placement, assessment, and graduation decisions. Book a tutor based on the student’s subject, goals, language needs, and schedule.","High","Retain route; editorial review for distinct useful local guidance before expansion","ontario-curriculum","1.000"
"https://successpathmentors.net/en/locations/united-states/georgia/atlanta","0","true","true","true","Online tutoring serves students throughout Atlanta; no physical branch is implied. Families in Atlanta can share their school or district, grade, course, current unit, and upcoming deadlines for a more accurate tutor match. Local school boards or districts remain responsible for official curriculum, placement, assessment, and graduation decisions. Book a tutor based on the student’s subject, goals, language needs, and schedule.","High","Retain route; editorial review for distinct useful local guidance before expansion","ontario-toronto","1.000"
"https://successpathmentors.net/en/locations/united-states/georgia/savannah","0","true","true","true","Online tutoring serves students throughout Savannah; no physical branch is implied. Families in Savannah can share their school or district, grade, course, current unit, and upcoming deadlines for a more accurate tutor match. Local school boards or districts remain responsible for official curriculum, placement, assessment, and graduation decisions. Book a tutor based on the student’s subject, goals, language needs, and schedule.","High","Retain route; editorial review for distinct useful local guidance before expansion","ontario-toronto","1.000"
"https://successpathmentors.net/en/locations/united-states/georgia/augusta","0","true","true","true","Online tutoring serves students throughout Augusta; no physical branch is implied. Families in Augusta can share their school or district, grade, course, current unit, and upcoming deadlines for a more accurate tutor match. Local school boards or districts remain responsible for official curriculum, placement, assessment, and graduation decisions. Book a tutor based on the student’s subject, goals, language needs, and schedule.","High","Retain route; editorial review for distinct useful local guidance before expansion","ontario-toronto","1.000"
"https://successpathmentors.net/en/locations/united-states/hawaii","0","true","true","true","Online tutoring serves students throughout Hawaii; no physical branch is implied. Families should share the school, grade, course code where available, and current assignments. Local school boards or districts remain responsible for official curriculum, placement, assessment, and graduation decisions. Book a tutor based on the student’s subject, goals, language needs, and schedule.","High","Retain route; editorial review for distinct useful local guidance before expansion","ontario","1.000"
"https://successpathmentors.net/en/locations/united-states/hawaii/curriculum","0","true","true","true","Online tutoring serves students throughout Hawaii Curriculum; no physical branch is implied. Families should share the school, grade, course code where available, and current assignments. Local school boards or districts remain responsible for official curriculum, placement, assessment, and graduation decisions. Book a tutor based on the student’s subject, goals, language needs, and schedule.","High","Retain route; editorial review for distinct useful local guidance before expansion","ontario-curriculum","1.000"
"https://successpathmentors.net/en/locations/united-states/hawaii/honolulu","0","true","true","true","Online tutoring serves students throughout Honolulu; no physical branch is implied. Families in Honolulu can share their school or district, grade, course, current unit, and upcoming deadlines for a more accurate tutor match. Local school boards or districts remain responsible for official curriculum, placement, assessment, and graduation decisions. Book a tutor based on the student’s subject, goals, language needs, and schedule.","High","Retain route; editorial review for distinct useful local guidance before expansion","ontario-toronto","1.000"
"https://successpathmentors.net/en/locations/united-states/hawaii/hilo","0","true","true","true","Online tutoring serves students throughout Hilo; no physical branch is implied. Families in Hilo can share their school or district, grade, course, current unit, and upcoming deadlines for a more accurate tutor match. Local school boards or districts remain responsible for official curriculum, placement, assessment, and graduation decisions. Book a tutor based on the student’s subject, goals, language needs, and schedule.","High","Retain route; editorial review for distinct useful local guidance before expansion","ontario-toronto","1.000"
"https://successpathmentors.net/en/locations/united-states/hawaii/kailua","0","true","true","true","Online tutoring serves students throughout Kailua; no physical branch is implied. Families in Kailua can share their school or district, grade, course, current unit, and upcoming deadlines for a more accurate tutor match. Local school boards or districts remain responsible for official curriculum, placement, assessment, and graduation decisions. Book a tutor based on the student’s subject, goals, language needs, and schedule.","High","Retain route; editorial review for distinct useful local guidance before expansion","ontario-toronto","1.000"
"https://successpathmentors.net/en/locations/united-states/idaho","0","true","true","true","Online tutoring serves students throughout Idaho; no physical branch is implied. Families should share the school, grade, course code where available, and current assignments. Local school boards or districts remain responsible for official curriculum, placement, assessment, and graduation decisions. Book a tutor based on the student’s subject, goals, language needs, and schedule.","High","Retain route; editorial review for distinct useful local guidance before expansion","ontario","1.000"
"https://successpathmentors.net/en/locations/united-states/idaho/curriculum","0","true","true","true","Online tutoring serves students throughout Idaho Curriculum; no physical branch is implied. Families should share the school, grade, course code where available, and current assignments. Local school boards or districts remain responsible for official curriculum, placement, assessment, and graduation decisions. Book a tutor based on the student’s subject, goals, language needs, and schedule.","High","Retain route; editorial review for distinct useful local guidance before expansion","ontario-curriculum","1.000"
"https://successpathmentors.net/en/locations/united-states/idaho/boise","0","true","true","true","Online tutoring serves students throughout Boise; no physical branch is implied. Families in Boise can share their school or district, grade, course, current unit, and upcoming deadlines for a more accurate tutor match. Local school boards or districts remain responsible for official curriculum, placement, assessment, and graduation decisions. Book a tutor based on the student’s subject, goals, language needs, and schedule.","High","Retain route; editorial review for distinct useful local guidance before expansion","ontario-toronto","1.000"
"https://successpathmentors.net/en/locations/united-states/idaho/meridian","0","true","true","true","Online tutoring serves students throughout Meridian; no physical branch is implied. Families in Meridian can share their school or district, grade, course, current unit, and upcoming deadlines for a more accurate tutor match. Local school boards or districts remain responsible for official curriculum, placement, assessment, and graduation decisions. Book a tutor based on the student’s subject, goals, language needs, and schedule.","High","Retain route; editorial review for distinct useful local guidance before expansion","ontario-toronto","1.000"
"https://successpathmentors.net/en/locations/united-states/idaho/nampa","0","true","true","true","Online tutoring serves students throughout Nampa; no physical branch is implied. Families in Nampa can share their school or district, grade, course, current unit, and upcoming deadlines for a more accurate tutor match. Local school boards or districts remain responsible for official curriculum, placement, assessment, and graduation decisions. Book a tutor based on the student’s subject, goals, language needs, and schedule.","High","Retain route; editorial review for distinct useful local guidance before expansion","ontario-toronto","1.000"
"https://successpathmentors.net/en/locations/united-states/illinois","0","true","true","true","Online tutoring serves students throughout Illinois; no physical branch is implied. Families should share the school, grade, course code where available, and current assignments. Local school boards or districts remain responsible for official curriculum, placement, assessment, and graduation decisions. Book a tutor based on the student’s subject, goals, language needs, and schedule.","High","Retain route; editorial review for distinct useful local guidance before expansion","ontario","1.000"
"https://successpathmentors.net/en/locations/united-states/illinois/curriculum","0","true","true","true","Online tutoring serves students throughout Illinois Curriculum; no physical branch is implied. Families should share the school, grade, course code where available, and current assignments. Local school boards or districts remain responsible for official curriculum, placement, assessment, and graduation decisions. Book a tutor based on the student’s subject, goals, language needs, and schedule.","High","Retain route; editorial review for distinct useful local guidance before expansion","ontario-curriculum","1.000"
"https://successpathmentors.net/en/locations/united-states/illinois/chicago","0","true","true","true","Online tutoring serves students throughout Chicago; no physical branch is implied. Families in Chicago can share their school or district, grade, course, current unit, and upcoming deadlines for a more accurate tutor match. Local school boards or districts remain responsible for official curriculum, placement, assessment, and graduation decisions. Book a tutor based on the student’s subject, goals, language needs, and schedule.","High","Retain route; editorial review for distinct useful local guidance before expansion","ontario-toronto","1.000"
"https://successpathmentors.net/en/locations/united-states/illinois/bridgeview","0","true","true","true","Online tutoring serves students throughout Bridgeview; no physical branch is implied. Families in Bridgeview can share their school or district, grade, course, current unit, and upcoming deadlines for a more accurate tutor match. Local school boards or districts remain responsible for official curriculum, placement, assessment, and graduation decisions. Book a tutor based on the student’s subject, goals, language needs, and schedule.","High","Retain route; editorial review for distinct useful local guidance before expansion","ontario-toronto","1.000"
"https://successpathmentors.net/en/locations/united-states/illinois/naperville","0","true","true","true","Online tutoring serves students throughout Naperville; no physical branch is implied. Families in Naperville can share their school or district, grade, course, current unit, and upcoming deadlines for a more accurate tutor match. Local school boards or districts remain responsible for official curriculum, placement, assessment, and graduation decisions. Book a tutor based on the student’s subject, goals, language needs, and schedule.","High","Retain route; editorial review for distinct useful local guidance before expansion","ontario-toronto","1.000"
"https://successpathmentors.net/en/locations/united-states/illinois/aurora","0","true","true","true","Online tutoring serves students throughout Aurora; no physical branch is implied. Families in Aurora can share their school or district, grade, course, current unit, and upcoming deadlines for a more accurate tutor match. Local school boards or districts remain responsible for official curriculum, placement, assessment, and graduation decisions. Book a tutor based on the student’s subject, goals, language needs, and schedule.","High","Retain route; editorial review for distinct useful local guidance before expansion","ontario-toronto","1.000"
"https://successpathmentors.net/en/locations/united-states/indiana","0","true","true","true","Online tutoring serves students throughout Indiana; no physical branch is implied. Families should share the school, grade, course code where available, and current assignments. Local school boards or districts remain responsible for official curriculum, placement, assessment, and graduation decisions. Book a tutor based on the student’s subject, goals, language needs, and schedule.","High","Retain route; editorial review for distinct useful local guidance before expansion","ontario","1.000"
"https://successpathmentors.net/en/locations/united-states/indiana/curriculum","0","true","true","true","Online tutoring serves students throughout Indiana Curriculum; no physical branch is implied. Families should share the school, grade, course code where available, and current assignments. Local school boards or districts remain responsible for official curriculum, placement, assessment, and graduation decisions. Book a tutor based on the student’s subject, goals, language needs, and schedule.","High","Retain route; editorial review for distinct useful local guidance before expansion","ontario-curriculum","1.000"
"https://successpathmentors.net/en/locations/united-states/indiana/indianapolis","0","true","true","true","Online tutoring serves students throughout Indianapolis; no physical branch is implied. Families in Indianapolis can share their school or district, grade, course, current unit, and upcoming deadlines for a more accurate tutor match. Local school boards or districts remain responsible for official curriculum, placement, assessment, and graduation decisions. Book a tutor based on the student’s subject, goals, language needs, and schedule.","High","Retain route; editorial review for distinct useful local guidance before expansion","ontario-toronto","1.000"
"https://successpathmentors.net/en/locations/united-states/indiana/fort-wayne","0","true","true","true","Online tutoring serves students throughout Fort Wayne; no physical branch is implied. Families in Fort Wayne can share their school or district, grade, course, current unit, and upcoming deadlines for a more accurate tutor match. Local school boards or districts remain responsible for official curriculum, placement, assessment, and graduation decisions. Book a tutor based on the student’s subject, goals, language needs, and schedule.","High","Retain route; editorial review for distinct useful local guidance before expansion","ontario-toronto","1.000"
"https://successpathmentors.net/en/locations/united-states/indiana/south-bend","0","true","true","true","Online tutoring serves students throughout South Bend; no physical branch is implied. Families in South Bend can share their school or district, grade, course, current unit, and upcoming deadlines for a more accurate tutor match. Local school boards or districts remain responsible for official curriculum, placement, assessment, and graduation decisions. Book a tutor based on the student’s subject, goals, language needs, and schedule.","High","Retain route; editorial review for distinct useful local guidance before expansion","ontario-toronto","1.000"
"https://successpathmentors.net/en/locations/united-states/iowa","0","true","true","true","Online tutoring serves students throughout Iowa; no physical branch is implied. Families should share the school, grade, course code where available, and current assignments. Local school boards or districts remain responsible for official curriculum, placement, assessment, and graduation decisions. Book a tutor based on the student’s subject, goals, language needs, and schedule.","High","Retain route; editorial review for distinct useful local guidance before expansion","ontario","1.000"
"https://successpathmentors.net/en/locations/united-states/iowa/curriculum","0","true","true","true","Online tutoring serves students throughout Iowa Curriculum; no physical branch is implied. Families should share the school, grade, course code where available, and current assignments. Local school boards or districts remain responsible for official curriculum, placement, assessment, and graduation decisions. Book a tutor based on the student’s subject, goals, language needs, and schedule.","High","Retain route; editorial review for distinct useful local guidance before expansion","ontario-curriculum","1.000"
"https://successpathmentors.net/en/locations/united-states/iowa/des-moines","0","true","true","true","Online tutoring serves students throughout Des Moines; no physical branch is implied. Families in Des Moines can share their school or district, grade, course, current unit, and upcoming deadlines for a more accurate tutor match. Local school boards or districts remain responsible for official curriculum, placement, assessment, and graduation decisions. Book a tutor based on the student’s subject, goals, language needs, and schedule.","High","Retain route; editorial review for distinct useful local guidance before expansion","ontario-toronto","1.000"
"https://successpathmentors.net/en/locations/united-states/iowa/cedar-rapids","0","true","true","true","Online tutoring serves students throughout Cedar Rapids; no physical branch is implied. Families in Cedar Rapids can share their school or district, grade, course, current unit, and upcoming deadlines for a more accurate tutor match. Local school boards or districts remain responsible for official curriculum, placement, assessment, and graduation decisions. Book a tutor based on the student’s subject, goals, language needs, and schedule.","High","Retain route; editorial review for distinct useful local guidance before expansion","ontario-toronto","1.000"
"https://successpathmentors.net/en/locations/united-states/iowa/iowa-city","0","true","true","true","Online tutoring serves students throughout Iowa City; no physical branch is implied. Families in Iowa City can share their school or district, grade, course, current unit, and upcoming deadlines for a more accurate tutor match. Local school boards or districts remain responsible for official curriculum, placement, assessment, and graduation decisions. Book a tutor based on the student’s subject, goals, language needs, and schedule.","High","Retain route; editorial review for distinct useful local guidance before expansion","ontario-toronto","1.000"
"https://successpathmentors.net/en/locations/united-states/kansas","0","true","true","true","Online tutoring serves students throughout Kansas; no physical branch is implied. Families should share the school, grade, course code where available, and current assignments. Local school boards or districts remain responsible for official curriculum, placement, assessment, and graduation decisions. Book a tutor based on the student’s subject, goals, language needs, and schedule.","High","Retain route; editorial review for distinct useful local guidance before expansion","ontario","1.000"
"https://successpathmentors.net/en/locations/united-states/kansas/curriculum","0","true","true","true","Online tutoring serves students throughout Kansas Curriculum; no physical branch is implied. Families should share the school, grade, course code where available, and current assignments. Local school boards or districts remain responsible for official curriculum, placement, assessment, and graduation decisions. Book a tutor based on the student’s subject, goals, language needs, and schedule.","High","Retain route; editorial review for distinct useful local guidance before expansion","ontario-curriculum","1.000"
"https://successpathmentors.net/en/locations/united-states/kansas/wichita","0","true","true","true","Online tutoring serves students throughout Wichita; no physical branch is implied. Families in Wichita can share their school or district, grade, course, current unit, and upcoming deadlines for a more accurate tutor match. Local school boards or districts remain responsible for official curriculum, placement, assessment, and graduation decisions. Book a tutor based on the student’s subject, goals, language needs, and schedule.","High","Retain route; editorial review for distinct useful local guidance before expansion","ontario-toronto","1.000"
"https://successpathmentors.net/en/locations/united-states/kansas/overland-park","0","true","true","true","Online tutoring serves students throughout Overland Park; no physical branch is implied. Families in Overland Park can share their school or district, grade, course, current unit, and upcoming deadlines for a more accurate tutor match. Local school boards or districts remain responsible for official curriculum, placement, assessment, and graduation decisions. Book a tutor based on the student’s subject, goals, language needs, and schedule.","High","Retain route; editorial review for distinct useful local guidance before expansion","ontario-toronto","1.000"
"https://successpathmentors.net/en/locations/united-states/kansas/kansas-city","0","true","true","true","Online tutoring serves students throughout Kansas City; no physical branch is implied. Families in Kansas City can share their school or district, grade, course, current unit, and upcoming deadlines for a more accurate tutor match. Local school boards or districts remain responsible for official curriculum, placement, assessment, and graduation decisions. Book a tutor based on the student’s subject, goals, language needs, and schedule.","High","Retain route; editorial review for distinct useful local guidance before expansion","ontario-toronto","1.000"
"https://successpathmentors.net/en/locations/united-states/kentucky","0","true","true","true","Online tutoring serves students throughout Kentucky; no physical branch is implied. Families should share the school, grade, course code where available, and current assignments. Local school boards or districts remain responsible for official curriculum, placement, assessment, and graduation decisions. Book a tutor based on the student’s subject, goals, language needs, and schedule.","High","Retain route; editorial review for distinct useful local guidance before expansion","ontario","1.000"
"https://successpathmentors.net/en/locations/united-states/kentucky/curriculum","0","true","true","true","Online tutoring serves students throughout Kentucky Curriculum; no physical branch is implied. Families should share the school, grade, course code where available, and current assignments. Local school boards or districts remain responsible for official curriculum, placement, assessment, and graduation decisions. Book a tutor based on the student’s subject, goals, language needs, and schedule.","High","Retain route; editorial review for distinct useful local guidance before expansion","ontario-curriculum","1.000"
"https://successpathmentors.net/en/locations/united-states/kentucky/louisville","0","true","true","true","Online tutoring serves students throughout Louisville; no physical branch is implied. Families in Louisville can share their school or district, grade, course, current unit, and upcoming deadlines for a more accurate tutor match. Local school boards or districts remain responsible for official curriculum, placement, assessment, and graduation decisions. Book a tutor based on the student’s subject, goals, language needs, and schedule.","High","Retain route; editorial review for distinct useful local guidance before expansion","ontario-toronto","1.000"
"https://successpathmentors.net/en/locations/united-states/kentucky/lexington","0","true","true","true","Online tutoring serves students throughout Lexington; no physical branch is implied. Families in Lexington can share their school or district, grade, course, current unit, and upcoming deadlines for a more accurate tutor match. Local school boards or districts remain responsible for official curriculum, placement, assessment, and graduation decisions. Book a tutor based on the student’s subject, goals, language needs, and schedule.","High","Retain route; editorial review for distinct useful local guidance before expansion","ontario-toronto","1.000"
"https://successpathmentors.net/en/locations/united-states/kentucky/bowling-green","0","true","true","true","Online tutoring serves students throughout Bowling Green; no physical branch is implied. Families in Bowling Green can share their school or district, grade, course, current unit, and upcoming deadlines for a more accurate tutor match. Local school boards or districts remain responsible for official curriculum, placement, assessment, and graduation decisions. Book a tutor based on the student’s subject, goals, language needs, and schedule.","High","Retain route; editorial review for distinct useful local guidance before expansion","ontario-toronto","1.000"
"https://successpathmentors.net/en/locations/united-states/louisiana","0","true","true","true","Online tutoring serves students throughout Louisiana; no physical branch is implied. Families should share the school, grade, course code where available, and current assignments. Local school boards or districts remain responsible for official curriculum, placement, assessment, and graduation decisions. Book a tutor based on the student’s subject, goals, language needs, and schedule.","High","Retain route; editorial review for distinct useful local guidance before expansion","ontario","1.000"
"https://successpathmentors.net/en/locations/united-states/louisiana/curriculum","0","true","true","true","Online tutoring serves students throughout Louisiana Curriculum; no physical branch is implied. Families should share the school, grade, course code where available, and current assignments. Local school boards or districts remain responsible for official curriculum, placement, assessment, and graduation decisions. Book a tutor based on the student’s subject, goals, language needs, and schedule.","High","Retain route; editorial review for distinct useful local guidance before expansion","ontario-curriculum","1.000"
"https://successpathmentors.net/en/locations/united-states/louisiana/new-orleans","0","true","true","true","Online tutoring serves students throughout New Orleans; no physical branch is implied. Families in New Orleans can share their school or district, grade, course, current unit, and upcoming deadlines for a more accurate tutor match. Local school boards or districts remain responsible for official curriculum, placement, assessment, and graduation decisions. Book a tutor based on the student’s subject, goals, language needs, and schedule.","High","Retain route; editorial review for distinct useful local guidance before expansion","ontario-toronto","1.000"
"https://successpathmentors.net/en/locations/united-states/louisiana/baton-rouge","0","true","true","true","Online tutoring serves students throughout Baton Rouge; no physical branch is implied. Families in Baton Rouge can share their school or district, grade, course, current unit, and upcoming deadlines for a more accurate tutor match. Local school boards or districts remain responsible for official curriculum, placement, assessment, and graduation decisions. Book a tutor based on the student’s subject, goals, language needs, and schedule.","High","Retain route; editorial review for distinct useful local guidance before expansion","ontario-toronto","1.000"
"https://successpathmentors.net/en/locations/united-states/louisiana/shreveport","0","true","true","true","Online tutoring serves students throughout Shreveport; no physical branch is implied. Families in Shreveport can share their school or district, grade, course, current unit, and upcoming deadlines for a more accurate tutor match. Local school boards or districts remain responsible for official curriculum, placement, assessment, and graduation decisions. Book a tutor based on the student’s subject, goals, language needs, and schedule.","High","Retain route; editorial review for distinct useful local guidance before expansion","ontario-toronto","1.000"
"https://successpathmentors.net/en/locations/united-states/maine","0","true","true","true","Online tutoring serves students throughout Maine; no physical branch is implied. Families should share the school, grade, course code where available, and current assignments. Local school boards or districts remain responsible for official curriculum, placement, assessment, and graduation decisions. Book a tutor based on the student’s subject, goals, language needs, and schedule.","High","Retain route; editorial review for distinct useful local guidance before expansion","ontario","1.000"
"https://successpathmentors.net/en/locations/united-states/maine/curriculum","0","true","true","true","Online tutoring serves students throughout Maine Curriculum; no physical branch is implied. Families should share the school, grade, course code where available, and current assignments. Local school boards or districts remain responsible for official curriculum, placement, assessment, and graduation decisions. Book a tutor based on the student’s subject, goals, language needs, and schedule.","High","Retain route; editorial review for distinct useful local guidance before expansion","ontario-curriculum","1.000"
"https://successpathmentors.net/en/locations/united-states/maine/portland","0","true","true","true","Online tutoring serves students throughout Portland; no physical branch is implied. Families in Portland can share their school or district, grade, course, current unit, and upcoming deadlines for a more accurate tutor match. Local school boards or districts remain responsible for official curriculum, placement, assessment, and graduation decisions. Book a tutor based on the student’s subject, goals, language needs, and schedule.","High","Retain route; editorial review for distinct useful local guidance before expansion","ontario-toronto","1.000"
"https://successpathmentors.net/en/locations/united-states/maine/lewiston","0","true","true","true","Online tutoring serves students throughout Lewiston; no physical branch is implied. Families in Lewiston can share their school or district, grade, course, current unit, and upcoming deadlines for a more accurate tutor match. Local school boards or districts remain responsible for official curriculum, placement, assessment, and graduation decisions. Book a tutor based on the student’s subject, goals, language needs, and schedule.","High","Retain route; editorial review for distinct useful local guidance before expansion","ontario-toronto","1.000"
"https://successpathmentors.net/en/locations/united-states/maine/bangor","0","true","true","true","Online tutoring serves students throughout Bangor; no physical branch is implied. Families in Bangor can share their school or district, grade, course, current unit, and upcoming deadlines for a more accurate tutor match. Local school boards or districts remain responsible for official curriculum, placement, assessment, and graduation decisions. Book a tutor based on the student’s subject, goals, language needs, and schedule.","High","Retain route; editorial review for distinct useful local guidance before expansion","ontario-toronto","1.000"
"https://successpathmentors.net/en/locations/united-states/maryland","0","true","true","true","Online tutoring serves students throughout Maryland; no physical branch is implied. Families should share the school, grade, course code where available, and current assignments. Local school boards or districts remain responsible for official curriculum, placement, assessment, and graduation decisions. Book a tutor based on the student’s subject, goals, language needs, and schedule.","High","Retain route; editorial review for distinct useful local guidance before expansion","ontario","1.000"
"https://successpathmentors.net/en/locations/united-states/maryland/curriculum","0","true","true","true","Online tutoring serves students throughout Maryland Curriculum; no physical branch is implied. Families should share the school, grade, course code where available, and current assignments. Local school boards or districts remain responsible for official curriculum, placement, assessment, and graduation decisions. Book a tutor based on the student’s subject, goals, language needs, and schedule.","High","Retain route; editorial review for distinct useful local guidance before expansion","ontario-curriculum","1.000"
"https://successpathmentors.net/en/locations/united-states/maryland/baltimore","0","true","true","true","Online tutoring serves students throughout Baltimore; no physical branch is implied. Families in Baltimore can share their school or district, grade, course, current unit, and upcoming deadlines for a more accurate tutor match. Local school boards or districts remain responsible for official curriculum, placement, assessment, and graduation decisions. Book a tutor based on the student’s subject, goals, language needs, and schedule.","High","Retain route; editorial review for distinct useful local guidance before expansion","ontario-toronto","1.000"
"https://successpathmentors.net/en/locations/united-states/maryland/silver-spring","0","true","true","true","Online tutoring serves students throughout Silver Spring; no physical branch is implied. Families in Silver Spring can share their school or district, grade, course, current unit, and upcoming deadlines for a more accurate tutor match. Local school boards or districts remain responsible for official curriculum, placement, assessment, and graduation decisions. Book a tutor based on the student’s subject, goals, language needs, and schedule.","High","Retain route; editorial review for distinct useful local guidance before expansion","ontario-toronto","1.000"
"https://successpathmentors.net/en/locations/united-states/maryland/rockville","0","true","true","true","Online tutoring serves students throughout Rockville; no physical branch is implied. Families in Rockville can share their school or district, grade, course, current unit, and upcoming deadlines for a more accurate tutor match. Local school boards or districts remain responsible for official curriculum, placement, assessment, and graduation decisions. Book a tutor based on the student’s subject, goals, language needs, and schedule.","High","Retain route; editorial review for distinct useful local guidance before expansion","ontario-toronto","1.000"
"https://successpathmentors.net/en/locations/united-states/maryland/gaithersburg","0","true","true","true","Online tutoring serves students throughout Gaithersburg; no physical branch is implied. Families in Gaithersburg can share their school or district, grade, course, current unit, and upcoming deadlines for a more accurate tutor match. Local school boards or districts remain responsible for official curriculum, placement, assessment, and graduation decisions. Book a tutor based on the student’s subject, goals, language needs, and schedule.","High","Retain route; editorial review for distinct useful local guidance before expansion","ontario-toronto","1.000"
"https://successpathmentors.net/en/locations/united-states/massachusetts","0","true","true","true","Online tutoring serves students throughout Massachusetts; no physical branch is implied. Families should share the school, grade, course code where available, and current assignments. Local school boards or districts remain responsible for official curriculum, placement, assessment, and graduation decisions. Book a tutor based on the student’s subject, goals, language needs, and schedule.","High","Retain route; editorial review for distinct useful local guidance before expansion","ontario","1.000"
"https://successpathmentors.net/en/locations/united-states/massachusetts/curriculum","0","true","true","true","Online tutoring serves students throughout Massachusetts Curriculum; no physical branch is implied. Families should share the school, grade, course code where available, and current assignments. Local school boards or districts remain responsible for official curriculum, placement, assessment, and graduation decisions. Book a tutor based on the student’s subject, goals, language needs, and schedule.","High","Retain route; editorial review for distinct useful local guidance before expansion","ontario-curriculum","1.000"
"https://successpathmentors.net/en/locations/united-states/massachusetts/boston","0","true","true","true","Online tutoring serves students throughout Boston; no physical branch is implied. Families in Boston can share their school or district, grade, course, current unit, and upcoming deadlines for a more accurate tutor match. Local school boards or districts remain responsible for official curriculum, placement, assessment, and graduation decisions. Book a tutor based on the student’s subject, goals, language needs, and schedule.","High","Retain route; editorial review for distinct useful local guidance before expansion","ontario-toronto","1.000"
"https://successpathmentors.net/en/locations/united-states/massachusetts/worcester","0","true","true","true","Online tutoring serves students throughout Worcester; no physical branch is implied. Families in Worcester can share their school or district, grade, course, current unit, and upcoming deadlines for a more accurate tutor match. Local school boards or districts remain responsible for official curriculum, placement, assessment, and graduation decisions. Book a tutor based on the student’s subject, goals, language needs, and schedule.","High","Retain route; editorial review for distinct useful local guidance before expansion","ontario-toronto","1.000"
"https://successpathmentors.net/en/locations/united-states/massachusetts/springfield","0","true","true","true","Online tutoring serves students throughout Springfield; no physical branch is implied. Families in Springfield can share their school or district, grade, course, current unit, and upcoming deadlines for a more accurate tutor match. Local school boards or districts remain responsible for official curriculum, placement, assessment, and graduation decisions. Book a tutor based on the student’s subject, goals, language needs, and schedule.","High","Retain route; editorial review for distinct useful local guidance before expansion","ontario-toronto","1.000"
"https://successpathmentors.net/en/locations/united-states/michigan","0","true","true","true","Online tutoring serves students throughout Michigan; no physical branch is implied. Families should share the school, grade, course code where available, and current assignments. Local school boards or districts remain responsible for official curriculum, placement, assessment, and graduation decisions. Book a tutor based on the student’s subject, goals, language needs, and schedule.","High","Retain route; editorial review for distinct useful local guidance before expansion","ontario","1.000"
"https://successpathmentors.net/en/locations/united-states/michigan/curriculum","0","true","true","true","Online tutoring serves students throughout Michigan Curriculum; no physical branch is implied. Families should share the school, grade, course code where available, and current assignments. Local school boards or districts remain responsible for official curriculum, placement, assessment, and graduation decisions. Book a tutor based on the student’s subject, goals, language needs, and schedule.","High","Retain route; editorial review for distinct useful local guidance before expansion","ontario-curriculum","1.000"
"https://successpathmentors.net/en/locations/united-states/michigan/dearborn","0","true","true","true","Online tutoring serves students throughout Dearborn; no physical branch is implied. Families in Dearborn can share their school or district, grade, course, current unit, and upcoming deadlines for a more accurate tutor match. Local school boards or districts remain responsible for official curriculum, placement, assessment, and graduation decisions. Book a tutor based on the student’s subject, goals, language needs, and schedule.","High","Retain route; editorial review for distinct useful local guidance before expansion","ontario-toronto","1.000"
"https://successpathmentors.net/en/locations/united-states/michigan/detroit","0","true","true","true","Online tutoring serves students throughout Detroit; no physical branch is implied. Families in Detroit can share their school or district, grade, course, current unit, and upcoming deadlines for a more accurate tutor match. Local school boards or districts remain responsible for official curriculum, placement, assessment, and graduation decisions. Book a tutor based on the student’s subject, goals, language needs, and schedule.","High","Retain route; editorial review for distinct useful local guidance before expansion","ontario-toronto","1.000"
"https://successpathmentors.net/en/locations/united-states/michigan/ann-arbor","0","true","true","true","Online tutoring serves students throughout Ann Arbor; no physical branch is implied. Families in Ann Arbor can share their school or district, grade, course, current unit, and upcoming deadlines for a more accurate tutor match. Local school boards or districts remain responsible for official curriculum, placement, assessment, and graduation decisions. Book a tutor based on the student’s subject, goals, language needs, and schedule.","High","Retain route; editorial review for distinct useful local guidance before expansion","ontario-toronto","1.000"
"https://successpathmentors.net/en/locations/united-states/michigan/sterling-heights","0","true","true","true","Online tutoring serves students throughout Sterling Heights; no physical branch is implied. Families in Sterling Heights can share their school or district, grade, course, current unit, and upcoming deadlines for a more accurate tutor match. Local school boards or districts remain responsible for official curriculum, placement, assessment, and graduation decisions. Book a tutor based on the student’s subject, goals, language needs, and schedule.","High","Retain route; editorial review for distinct useful local guidance before expansion","ontario-toronto","1.000"
"https://successpathmentors.net/en/locations/united-states/michigan/grand-rapids","0","true","true","true","Online tutoring serves students throughout Grand Rapids; no physical branch is implied. Families in Grand Rapids can share their school or district, grade, course, current unit, and upcoming deadlines for a more accurate tutor match. Local school boards or districts remain responsible for official curriculum, placement, assessment, and graduation decisions. Book a tutor based on the student’s subject, goals, language needs, and schedule.","High","Retain route; editorial review for distinct useful local guidance before expansion","ontario-toronto","1.000"
"https://successpathmentors.net/en/locations/united-states/minnesota","0","true","true","true","Online tutoring serves students throughout Minnesota; no physical branch is implied. Families should share the school, grade, course code where available, and current assignments. Local school boards or districts remain responsible for official curriculum, placement, assessment, and graduation decisions. Book a tutor based on the student’s subject, goals, language needs, and schedule.","High","Retain route; editorial review for distinct useful local guidance before expansion","ontario","1.000"
"https://successpathmentors.net/en/locations/united-states/minnesota/curriculum","0","true","true","true","Online tutoring serves students throughout Minnesota Curriculum; no physical branch is implied. Families should share the school, grade, course code where available, and current assignments. Local school boards or districts remain responsible for official curriculum, placement, assessment, and graduation decisions. Book a tutor based on the student’s subject, goals, language needs, and schedule.","High","Retain route; editorial review for distinct useful local guidance before expansion","ontario-curriculum","1.000"
"https://successpathmentors.net/en/locations/united-states/minnesota/minneapolis","0","true","true","true","Online tutoring serves students throughout Minneapolis; no physical branch is implied. Families in Minneapolis can share their school or district, grade, course, current unit, and upcoming deadlines for a more accurate tutor match. Local school boards or districts remain responsible for official curriculum, placement, assessment, and graduation decisions. Book a tutor based on the student’s subject, goals, language needs, and schedule.","High","Retain route; editorial review for distinct useful local guidance before expansion","ontario-toronto","1.000"
"https://successpathmentors.net/en/locations/united-states/minnesota/saint-paul","0","true","true","true","Online tutoring serves students throughout Saint Paul; no physical branch is implied. Families in Saint Paul can share their school or district, grade, course, current unit, and upcoming deadlines for a more accurate tutor match. Local school boards or districts remain responsible for official curriculum, placement, assessment, and graduation decisions. Book a tutor based on the student’s subject, goals, language needs, and schedule.","High","Retain route; editorial review for distinct useful local guidance before expansion","ontario-toronto","1.000"
"https://successpathmentors.net/en/locations/united-states/minnesota/rochester","0","true","true","true","Online tutoring serves students throughout Rochester; no physical branch is implied. Families in Rochester can share their school or district, grade, course, current unit, and upcoming deadlines for a more accurate tutor match. Local school boards or districts remain responsible for official curriculum, placement, assessment, and graduation decisions. Book a tutor based on the student’s subject, goals, language needs, and schedule.","High","Retain route; editorial review for distinct useful local guidance before expansion","ontario-toronto","1.000"
"https://successpathmentors.net/en/locations/united-states/mississippi","0","true","true","true","Online tutoring serves students throughout Mississippi; no physical branch is implied. Families should share the school, grade, course code where available, and current assignments. Local school boards or districts remain responsible for official curriculum, placement, assessment, and graduation decisions. Book a tutor based on the student’s subject, goals, language needs, and schedule.","High","Retain route; editorial review for distinct useful local guidance before expansion","ontario","1.000"
"https://successpathmentors.net/en/locations/united-states/mississippi/curriculum","0","true","true","true","Online tutoring serves students throughout Mississippi Curriculum; no physical branch is implied. Families should share the school, grade, course code where available, and current assignments. Local school boards or districts remain responsible for official curriculum, placement, assessment, and graduation decisions. Book a tutor based on the student’s subject, goals, language needs, and schedule.","High","Retain route; editorial review for distinct useful local guidance before expansion","ontario-curriculum","1.000"
"https://successpathmentors.net/en/locations/united-states/mississippi/jackson","0","true","true","true","Online tutoring serves students throughout Jackson; no physical branch is implied. Families in Jackson can share their school or district, grade, course, current unit, and upcoming deadlines for a more accurate tutor match. Local school boards or districts remain responsible for official curriculum, placement, assessment, and graduation decisions. Book a tutor based on the student’s subject, goals, language needs, and schedule.","High","Retain route; editorial review for distinct useful local guidance before expansion","ontario-toronto","1.000"
"https://successpathmentors.net/en/locations/united-states/mississippi/gulfport","0","true","true","true","Online tutoring serves students throughout Gulfport; no physical branch is implied. Families in Gulfport can share their school or district, grade, course, current unit, and upcoming deadlines for a more accurate tutor match. Local school boards or districts remain responsible for official curriculum, placement, assessment, and graduation decisions. Book a tutor based on the student’s subject, goals, language needs, and schedule.","High","Retain route; editorial review for distinct useful local guidance before expansion","ontario-toronto","1.000"
"https://successpathmentors.net/en/locations/united-states/mississippi/hattiesburg","0","true","true","true","Online tutoring serves students throughout Hattiesburg; no physical branch is implied. Families in Hattiesburg can share their school or district, grade, course, current unit, and upcoming deadlines for a more accurate tutor match. Local school boards or districts remain responsible for official curriculum, placement, assessment, and graduation decisions. Book a tutor based on the student’s subject, goals, language needs, and schedule.","High","Retain route; editorial review for distinct useful local guidance before expansion","ontario-toronto","1.000"
"https://successpathmentors.net/en/locations/united-states/missouri","0","true","true","true","Online tutoring serves students throughout Missouri; no physical branch is implied. Families should share the school, grade, course code where available, and current assignments. Local school boards or districts remain responsible for official curriculum, placement, assessment, and graduation decisions. Book a tutor based on the student’s subject, goals, language needs, and schedule.","High","Retain route; editorial review for distinct useful local guidance before expansion","ontario","1.000"
"https://successpathmentors.net/en/locations/united-states/missouri/curriculum","0","true","true","true","Online tutoring serves students throughout Missouri Curriculum; no physical branch is implied. Families should share the school, grade, course code where available, and current assignments. Local school boards or districts remain responsible for official curriculum, placement, assessment, and graduation decisions. Book a tutor based on the student’s subject, goals, language needs, and schedule.","High","Retain route; editorial review for distinct useful local guidance before expansion","ontario-curriculum","1.000"
"https://successpathmentors.net/en/locations/united-states/missouri/st-louis","0","true","true","true","Online tutoring serves students throughout St. Louis; no physical branch is implied. Families in St. Louis can share their school or district, grade, course, current unit, and upcoming deadlines for a more accurate tutor match. Local school boards or districts remain responsible for official curriculum, placement, assessment, and graduation decisions. Book a tutor based on the student’s subject, goals, language needs, and schedule.","High","Retain route; editorial review for distinct useful local guidance before expansion","ontario-toronto","1.000"
"https://successpathmentors.net/en/locations/united-states/missouri/kansas-city","0","true","true","true","Online tutoring serves students throughout Kansas City; no physical branch is implied. Families in Kansas City can share their school or district, grade, course, current unit, and upcoming deadlines for a more accurate tutor match. Local school boards or districts remain responsible for official curriculum, placement, assessment, and graduation decisions. Book a tutor based on the student’s subject, goals, language needs, and schedule.","High","Retain route; editorial review for distinct useful local guidance before expansion","ontario-toronto","1.000"
"https://successpathmentors.net/en/locations/united-states/missouri/springfield","0","true","true","true","Online tutoring serves students throughout Springfield; no physical branch is implied. Families in Springfield can share their school or district, grade, course, current unit, and upcoming deadlines for a more accurate tutor match. Local school boards or districts remain responsible for official curriculum, placement, assessment, and graduation decisions. Book a tutor based on the student’s subject, goals, language needs, and schedule.","High","Retain route; editorial review for distinct useful local guidance before expansion","ontario-toronto","1.000"
"https://successpathmentors.net/en/locations/united-states/montana","0","true","true","true","Online tutoring serves students throughout Montana; no physical branch is implied. Families should share the school, grade, course code where available, and current assignments. Local school boards or districts remain responsible for official curriculum, placement, assessment, and graduation decisions. Book a tutor based on the student’s subject, goals, language needs, and schedule.","High","Retain route; editorial review for distinct useful local guidance before expansion","ontario","1.000"
"https://successpathmentors.net/en/locations/united-states/montana/curriculum","0","true","true","true","Online tutoring serves students throughout Montana Curriculum; no physical branch is implied. Families should share the school, grade, course code where available, and current assignments. Local school boards or districts remain responsible for official curriculum, placement, assessment, and graduation decisions. Book a tutor based on the student’s subject, goals, language needs, and schedule.","High","Retain route; editorial review for distinct useful local guidance before expansion","ontario-curriculum","1.000"
"https://successpathmentors.net/en/locations/united-states/montana/billings","0","true","true","true","Online tutoring serves students throughout Billings; no physical branch is implied. Families in Billings can share their school or district, grade, course, current unit, and upcoming deadlines for a more accurate tutor match. Local school boards or districts remain responsible for official curriculum, placement, assessment, and graduation decisions. Book a tutor based on the student’s subject, goals, language needs, and schedule.","High","Retain route; editorial review for distinct useful local guidance before expansion","ontario-toronto","1.000"
"https://successpathmentors.net/en/locations/united-states/montana/missoula","0","true","true","true","Online tutoring serves students throughout Missoula; no physical branch is implied. Families in Missoula can share their school or district, grade, course, current unit, and upcoming deadlines for a more accurate tutor match. Local school boards or districts remain responsible for official curriculum, placement, assessment, and graduation decisions. Book a tutor based on the student’s subject, goals, language needs, and schedule.","High","Retain route; editorial review for distinct useful local guidance before expansion","ontario-toronto","1.000"
"https://successpathmentors.net/en/locations/united-states/montana/bozeman","0","true","true","true","Online tutoring serves students throughout Bozeman; no physical branch is implied. Families in Bozeman can share their school or district, grade, course, current unit, and upcoming deadlines for a more accurate tutor match. Local school boards or districts remain responsible for official curriculum, placement, assessment, and graduation decisions. Book a tutor based on the student’s subject, goals, language needs, and schedule.","High","Retain route; editorial review for distinct useful local guidance before expansion","ontario-toronto","1.000"
"https://successpathmentors.net/en/locations/united-states/nebraska","0","true","true","true","Online tutoring serves students throughout Nebraska; no physical branch is implied. Families should share the school, grade, course code where available, and current assignments. Local school boards or districts remain responsible for official curriculum, placement, assessment, and graduation decisions. Book a tutor based on the student’s subject, goals, language needs, and schedule.","High","Retain route; editorial review for distinct useful local guidance before expansion","ontario","1.000"
"https://successpathmentors.net/en/locations/united-states/nebraska/curriculum","0","true","true","true","Online tutoring serves students throughout Nebraska Curriculum; no physical branch is implied. Families should share the school, grade, course code where available, and current assignments. Local school boards or districts remain responsible for official curriculum, placement, assessment, and graduation decisions. Book a tutor based on the student’s subject, goals, language needs, and schedule.","High","Retain route; editorial review for distinct useful local guidance before expansion","ontario-curriculum","1.000"
"https://successpathmentors.net/en/locations/united-states/nebraska/omaha","0","true","true","true","Online tutoring serves students throughout Omaha; no physical branch is implied. Families in Omaha can share their school or district, grade, course, current unit, and upcoming deadlines for a more accurate tutor match. Local school boards or districts remain responsible for official curriculum, placement, assessment, and graduation decisions. Book a tutor based on the student’s subject, goals, language needs, and schedule.","High","Retain route; editorial review for distinct useful local guidance before expansion","ontario-toronto","1.000"
"https://successpathmentors.net/en/locations/united-states/nebraska/lincoln","0","true","true","true","Online tutoring serves students throughout Lincoln; no physical branch is implied. Families in Lincoln can share their school or district, grade, course, current unit, and upcoming deadlines for a more accurate tutor match. Local school boards or districts remain responsible for official curriculum, placement, assessment, and graduation decisions. Book a tutor based on the student’s subject, goals, language needs, and schedule.","High","Retain route; editorial review for distinct useful local guidance before expansion","ontario-toronto","1.000"
"https://successpathmentors.net/en/locations/united-states/nebraska/bellevue","0","true","true","true","Online tutoring serves students throughout Bellevue; no physical branch is implied. Families in Bellevue can share their school or district, grade, course, current unit, and upcoming deadlines for a more accurate tutor match. Local school boards or districts remain responsible for official curriculum, placement, assessment, and graduation decisions. Book a tutor based on the student’s subject, goals, language needs, and schedule.","High","Retain route; editorial review for distinct useful local guidance before expansion","ontario-toronto","1.000"
"https://successpathmentors.net/en/locations/united-states/nevada","0","true","true","true","Online tutoring serves students throughout Nevada; no physical branch is implied. Families should share the school, grade, course code where available, and current assignments. Local school boards or districts remain responsible for official curriculum, placement, assessment, and graduation decisions. Book a tutor based on the student’s subject, goals, language needs, and schedule.","High","Retain route; editorial review for distinct useful local guidance before expansion","ontario","1.000"
"https://successpathmentors.net/en/locations/united-states/nevada/curriculum","0","true","true","true","Online tutoring serves students throughout Nevada Curriculum; no physical branch is implied. Families should share the school, grade, course code where available, and current assignments. Local school boards or districts remain responsible for official curriculum, placement, assessment, and graduation decisions. Book a tutor based on the student’s subject, goals, language needs, and schedule.","High","Retain route; editorial review for distinct useful local guidance before expansion","ontario-curriculum","1.000"
"https://successpathmentors.net/en/locations/united-states/nevada/las-vegas","0","true","true","true","Online tutoring serves students throughout Las Vegas; no physical branch is implied. Families in Las Vegas can share their school or district, grade, course, current unit, and upcoming deadlines for a more accurate tutor match. Local school boards or districts remain responsible for official curriculum, placement, assessment, and graduation decisions. Book a tutor based on the student’s subject, goals, language needs, and schedule.","High","Retain route; editorial review for distinct useful local guidance before expansion","ontario-toronto","1.000"
"https://successpathmentors.net/en/locations/united-states/nevada/henderson","0","true","true","true","Online tutoring serves students throughout Henderson; no physical branch is implied. Families in Henderson can share their school or district, grade, course, current unit, and upcoming deadlines for a more accurate tutor match. Local school boards or districts remain responsible for official curriculum, placement, assessment, and graduation decisions. Book a tutor based on the student’s subject, goals, language needs, and schedule.","High","Retain route; editorial review for distinct useful local guidance before expansion","ontario-toronto","1.000"
"https://successpathmentors.net/en/locations/united-states/nevada/reno","0","true","true","true","Online tutoring serves students throughout Reno; no physical branch is implied. Families in Reno can share their school or district, grade, course, current unit, and upcoming deadlines for a more accurate tutor match. Local school boards or districts remain responsible for official curriculum, placement, assessment, and graduation decisions. Book a tutor based on the student’s subject, goals, language needs, and schedule.","High","Retain route; editorial review for distinct useful local guidance before expansion","ontario-toronto","1.000"
"https://successpathmentors.net/en/locations/united-states/new-hampshire","0","true","true","true","Online tutoring serves students throughout New Hampshire; no physical branch is implied. Families should share the school, grade, course code where available, and current assignments. Local school boards or districts remain responsible for official curriculum, placement, assessment, and graduation decisions. Book a tutor based on the student’s subject, goals, language needs, and schedule.","High","Retain route; editorial review for distinct useful local guidance before expansion","ontario","1.000"
"https://successpathmentors.net/en/locations/united-states/new-hampshire/curriculum","0","true","true","true","Online tutoring serves students throughout New Hampshire Curriculum; no physical branch is implied. Families should share the school, grade, course code where available, and current assignments. Local school boards or districts remain responsible for official curriculum, placement, assessment, and graduation decisions. Book a tutor based on the student’s subject, goals, language needs, and schedule.","High","Retain route; editorial review for distinct useful local guidance before expansion","ontario-curriculum","1.000"
"https://successpathmentors.net/en/locations/united-states/new-hampshire/manchester","0","true","true","true","Online tutoring serves students throughout Manchester; no physical branch is implied. Families in Manchester can share their school or district, grade, course, current unit, and upcoming deadlines for a more accurate tutor match. Local school boards or districts remain responsible for official curriculum, placement, assessment, and graduation decisions. Book a tutor based on the student’s subject, goals, language needs, and schedule.","High","Retain route; editorial review for distinct useful local guidance before expansion","ontario-toronto","1.000"
"https://successpathmentors.net/en/locations/united-states/new-hampshire/nashua","0","true","true","true","Online tutoring serves students throughout Nashua; no physical branch is implied. Families in Nashua can share their school or district, grade, course, current unit, and upcoming deadlines for a more accurate tutor match. Local school boards or districts remain responsible for official curriculum, placement, assessment, and graduation decisions. Book a tutor based on the student’s subject, goals, language needs, and schedule.","High","Retain route; editorial review for distinct useful local guidance before expansion","ontario-toronto","1.000"
"https://successpathmentors.net/en/locations/united-states/new-hampshire/concord","0","true","true","true","Online tutoring serves students throughout Concord; no physical branch is implied. Families in Concord can share their school or district, grade, course, current unit, and upcoming deadlines for a more accurate tutor match. Local school boards or districts remain responsible for official curriculum, placement, assessment, and graduation decisions. Book a tutor based on the student’s subject, goals, language needs, and schedule.","High","Retain route; editorial review for distinct useful local guidance before expansion","ontario-toronto","1.000"
"https://successpathmentors.net/en/locations/united-states/new-jersey","0","true","true","true","Online tutoring serves students throughout New Jersey; no physical branch is implied. Families should share the school, grade, course code where available, and current assignments. Local school boards or districts remain responsible for official curriculum, placement, assessment, and graduation decisions. Book a tutor based on the student’s subject, goals, language needs, and schedule.","High","Retain route; editorial review for distinct useful local guidance before expansion","ontario","1.000"
"https://successpathmentors.net/en/locations/united-states/new-jersey/curriculum","0","true","true","true","Online tutoring serves students throughout New Jersey Curriculum; no physical branch is implied. Families should share the school, grade, course code where available, and current assignments. Local school boards or districts remain responsible for official curriculum, placement, assessment, and graduation decisions. Book a tutor based on the student’s subject, goals, language needs, and schedule.","High","Retain route; editorial review for distinct useful local guidance before expansion","ontario-curriculum","1.000"
"https://successpathmentors.net/en/locations/united-states/new-jersey/jersey-city","0","true","true","true","Online tutoring serves students throughout Jersey City; no physical branch is implied. Families in Jersey City can share their school or district, grade, course, current unit, and upcoming deadlines for a more accurate tutor match. Local school boards or districts remain responsible for official curriculum, placement, assessment, and graduation decisions. Book a tutor based on the student’s subject, goals, language needs, and schedule.","High","Retain route; editorial review for distinct useful local guidance before expansion","ontario-toronto","1.000"
"https://successpathmentors.net/en/locations/united-states/new-jersey/paterson","0","true","true","true","Online tutoring serves students throughout Paterson; no physical branch is implied. Families in Paterson can share their school or district, grade, course, current unit, and upcoming deadlines for a more accurate tutor match. Local school boards or districts remain responsible for official curriculum, placement, assessment, and graduation decisions. Book a tutor based on the student’s subject, goals, language needs, and schedule.","High","Retain route; editorial review for distinct useful local guidance before expansion","ontario-toronto","1.000"
"https://successpathmentors.net/en/locations/united-states/new-jersey/newark","0","true","true","true","Online tutoring serves students throughout Newark; no physical branch is implied. Families in Newark can share their school or district, grade, course, current unit, and upcoming deadlines for a more accurate tutor match. Local school boards or districts remain responsible for official curriculum, placement, assessment, and graduation decisions. Book a tutor based on the student’s subject, goals, language needs, and schedule.","High","Retain route; editorial review for distinct useful local guidance before expansion","ontario-toronto","1.000"
"https://successpathmentors.net/en/locations/united-states/new-jersey/edison","0","true","true","true","Online tutoring serves students throughout Edison; no physical branch is implied. Families in Edison can share their school or district, grade, course, current unit, and upcoming deadlines for a more accurate tutor match. Local school boards or districts remain responsible for official curriculum, placement, assessment, and graduation decisions. Book a tutor based on the student’s subject, goals, language needs, and schedule.","High","Retain route; editorial review for distinct useful local guidance before expansion","ontario-toronto","1.000"
"https://successpathmentors.net/en/locations/united-states/new-jersey/clifton","0","true","true","true","Online tutoring serves students throughout Clifton; no physical branch is implied. Families in Clifton can share their school or district, grade, course, current unit, and upcoming deadlines for a more accurate tutor match. Local school boards or districts remain responsible for official curriculum, placement, assessment, and graduation decisions. Book a tutor based on the student’s subject, goals, language needs, and schedule.","High","Retain route; editorial review for distinct useful local guidance before expansion","ontario-toronto","1.000"
"https://successpathmentors.net/en/locations/united-states/new-mexico","0","true","true","true","Online tutoring serves students throughout New Mexico; no physical branch is implied. Families should share the school, grade, course code where available, and current assignments. Local school boards or districts remain responsible for official curriculum, placement, assessment, and graduation decisions. Book a tutor based on the student’s subject, goals, language needs, and schedule.","High","Retain route; editorial review for distinct useful local guidance before expansion","ontario","1.000"
"https://successpathmentors.net/en/locations/united-states/new-mexico/curriculum","0","true","true","true","Online tutoring serves students throughout New Mexico Curriculum; no physical branch is implied. Families should share the school, grade, course code where available, and current assignments. Local school boards or districts remain responsible for official curriculum, placement, assessment, and graduation decisions. Book a tutor based on the student’s subject, goals, language needs, and schedule.","High","Retain route; editorial review for distinct useful local guidance before expansion","ontario-curriculum","1.000"
"https://successpathmentors.net/en/locations/united-states/new-mexico/albuquerque","0","true","true","true","Online tutoring serves students throughout Albuquerque; no physical branch is implied. Families in Albuquerque can share their school or district, grade, course, current unit, and upcoming deadlines for a more accurate tutor match. Local school boards or districts remain responsible for official curriculum, placement, assessment, and graduation decisions. Book a tutor based on the student’s subject, goals, language needs, and schedule.","High","Retain route; editorial review for distinct useful local guidance before expansion","ontario-toronto","1.000"
"https://successpathmentors.net/en/locations/united-states/new-mexico/santa-fe","0","true","true","true","Online tutoring serves students throughout Santa Fe; no physical branch is implied. Families in Santa Fe can share their school or district, grade, course, current unit, and upcoming deadlines for a more accurate tutor match. Local school boards or districts remain responsible for official curriculum, placement, assessment, and graduation decisions. Book a tutor based on the student’s subject, goals, language needs, and schedule.","High","Retain route; editorial review for distinct useful local guidance before expansion","ontario-toronto","1.000"
"https://successpathmentors.net/en/locations/united-states/new-mexico/las-cruces","0","true","true","true","Online tutoring serves students throughout Las Cruces; no physical branch is implied. Families in Las Cruces can share their school or district, grade, course, current unit, and upcoming deadlines for a more accurate tutor match. Local school boards or districts remain responsible for official curriculum, placement, assessment, and graduation decisions. Book a tutor based on the student’s subject, goals, language needs, and schedule.","High","Retain route; editorial review for distinct useful local guidance before expansion","ontario-toronto","1.000"
"https://successpathmentors.net/en/locations/united-states/new-york","0","true","true","true","Online tutoring serves students throughout New York; no physical branch is implied. Families should share the school, grade, course code where available, and current assignments. Local school boards or districts remain responsible for official curriculum, placement, assessment, and graduation decisions. Book a tutor based on the student’s subject, goals, language needs, and schedule.","High","Retain route; editorial review for distinct useful local guidance before expansion","ontario","1.000"
"https://successpathmentors.net/en/locations/united-states/new-york/curriculum","0","true","true","true","Online tutoring serves students throughout New York Curriculum; no physical branch is implied. Families should share the school, grade, course code where available, and current assignments. Local school boards or districts remain responsible for official curriculum, placement, assessment, and graduation decisions. Book a tutor based on the student’s subject, goals, language needs, and schedule.","High","Retain route; editorial review for distinct useful local guidance before expansion","ontario-curriculum","1.000"
"https://successpathmentors.net/en/locations/united-states/new-york/new-york-city","0","true","true","true","Online tutoring serves students throughout New York City; no physical branch is implied. Families in New York City can share their school or district, grade, course, current unit, and upcoming deadlines for a more accurate tutor match. Local school boards or districts remain responsible for official curriculum, placement, assessment, and graduation decisions. Book a tutor based on the student’s subject, goals, language needs, and schedule.","High","Retain route; editorial review for distinct useful local guidance before expansion","ontario-toronto","1.000"
"https://successpathmentors.net/en/locations/united-states/new-york/buffalo","0","true","true","true","Online tutoring serves students throughout Buffalo; no physical branch is implied. Families in Buffalo can share their school or district, grade, course, current unit, and upcoming deadlines for a more accurate tutor match. Local school boards or districts remain responsible for official curriculum, placement, assessment, and graduation decisions. Book a tutor based on the student’s subject, goals, language needs, and schedule.","High","Retain route; editorial review for distinct useful local guidance before expansion","ontario-toronto","1.000"
"https://successpathmentors.net/en/locations/united-states/new-york/rochester","0","true","true","true","Online tutoring serves students throughout Rochester; no physical branch is implied. Families in Rochester can share their school or district, grade, course, current unit, and upcoming deadlines for a more accurate tutor match. Local school boards or districts remain responsible for official curriculum, placement, assessment, and graduation decisions. Book a tutor based on the student’s subject, goals, language needs, and schedule.","High","Retain route; editorial review for distinct useful local guidance before expansion","ontario-toronto","1.000"
"https://successpathmentors.net/en/locations/united-states/new-york/yonkers","0","true","true","true","Online tutoring serves students throughout Yonkers; no physical branch is implied. Families in Yonkers can share their school or district, grade, course, current unit, and upcoming deadlines for a more accurate tutor match. Local school boards or districts remain responsible for official curriculum, placement, assessment, and graduation decisions. Book a tutor based on the student’s subject, goals, language needs, and schedule.","High","Retain route; editorial review for distinct useful local guidance before expansion","ontario-toronto","1.000"
"https://successpathmentors.net/en/locations/united-states/new-york/albany","0","true","true","true","Online tutoring serves students throughout Albany; no physical branch is implied. Families in Albany can share their school or district, grade, course, current unit, and upcoming deadlines for a more accurate tutor match. Local school boards or districts remain responsible for official curriculum, placement, assessment, and graduation decisions. Book a tutor based on the student’s subject, goals, language needs, and schedule.","High","Retain route; editorial review for distinct useful local guidance before expansion","ontario-toronto","1.000"
"https://successpathmentors.net/en/locations/united-states/north-carolina","0","true","true","true","Online tutoring serves students throughout North Carolina; no physical branch is implied. Families should share the school, grade, course code where available, and current assignments. Local school boards or districts remain responsible for official curriculum, placement, assessment, and graduation decisions. Book a tutor based on the student’s subject, goals, language needs, and schedule.","High","Retain route; editorial review for distinct useful local guidance before expansion","ontario","1.000"
"https://successpathmentors.net/en/locations/united-states/north-carolina/curriculum","0","true","true","true","Online tutoring serves students throughout North Carolina Curriculum; no physical branch is implied. Families should share the school, grade, course code where available, and current assignments. Local school boards or districts remain responsible for official curriculum, placement, assessment, and graduation decisions. Book a tutor based on the student’s subject, goals, language needs, and schedule.","High","Retain route; editorial review for distinct useful local guidance before expansion","ontario-curriculum","1.000"
"https://successpathmentors.net/en/locations/united-states/north-carolina/charlotte","0","true","true","true","Online tutoring serves students throughout Charlotte; no physical branch is implied. Families in Charlotte can share their school or district, grade, course, current unit, and upcoming deadlines for a more accurate tutor match. Local school boards or districts remain responsible for official curriculum, placement, assessment, and graduation decisions. Book a tutor based on the student’s subject, goals, language needs, and schedule.","High","Retain route; editorial review for distinct useful local guidance before expansion","ontario-toronto","1.000"
"https://successpathmentors.net/en/locations/united-states/north-carolina/raleigh","0","true","true","true","Online tutoring serves students throughout Raleigh; no physical branch is implied. Families in Raleigh can share their school or district, grade, course, current unit, and upcoming deadlines for a more accurate tutor match. Local school boards or districts remain responsible for official curriculum, placement, assessment, and graduation decisions. Book a tutor based on the student’s subject, goals, language needs, and schedule.","High","Retain route; editorial review for distinct useful local guidance before expansion","ontario-toronto","1.000"
"https://successpathmentors.net/en/locations/united-states/north-carolina/greensboro","0","true","true","true","Online tutoring serves students throughout Greensboro; no physical branch is implied. Families in Greensboro can share their school or district, grade, course, current unit, and upcoming deadlines for a more accurate tutor match. Local school boards or districts remain responsible for official curriculum, placement, assessment, and graduation decisions. Book a tutor based on the student’s subject, goals, language needs, and schedule.","High","Retain route; editorial review for distinct useful local guidance before expansion","ontario-toronto","1.000"
"https://successpathmentors.net/en/locations/united-states/north-dakota","0","true","true","true","Online tutoring serves students throughout North Dakota; no physical branch is implied. Families should share the school, grade, course code where available, and current assignments. Local school boards or districts remain responsible for official curriculum, placement, assessment, and graduation decisions. Book a tutor based on the student’s subject, goals, language needs, and schedule.","High","Retain route; editorial review for distinct useful local guidance before expansion","ontario","1.000"
"https://successpathmentors.net/en/locations/united-states/north-dakota/curriculum","0","true","true","true","Online tutoring serves students throughout North Dakota Curriculum; no physical branch is implied. Families should share the school, grade, course code where available, and current assignments. Local school boards or districts remain responsible for official curriculum, placement, assessment, and graduation decisions. Book a tutor based on the student’s subject, goals, language needs, and schedule.","High","Retain route; editorial review for distinct useful local guidance before expansion","ontario-curriculum","1.000"
"https://successpathmentors.net/en/locations/united-states/north-dakota/fargo","0","true","true","true","Online tutoring serves students throughout Fargo; no physical branch is implied. Families in Fargo can share their school or district, grade, course, current unit, and upcoming deadlines for a more accurate tutor match. Local school boards or districts remain responsible for official curriculum, placement, assessment, and graduation decisions. Book a tutor based on the student’s subject, goals, language needs, and schedule.","High","Retain route; editorial review for distinct useful local guidance before expansion","ontario-toronto","1.000"
"https://successpathmentors.net/en/locations/united-states/north-dakota/bismarck","0","true","true","true","Online tutoring serves students throughout Bismarck; no physical branch is implied. Families in Bismarck can share their school or district, grade, course, current unit, and upcoming deadlines for a more accurate tutor match. Local school boards or districts remain responsible for official curriculum, placement, assessment, and graduation decisions. Book a tutor based on the student’s subject, goals, language needs, and schedule.","High","Retain route; editorial review for distinct useful local guidance before expansion","ontario-toronto","1.000"
"https://successpathmentors.net/en/locations/united-states/north-dakota/grand-forks","0","true","true","true","Online tutoring serves students throughout Grand Forks; no physical branch is implied. Families in Grand Forks can share their school or district, grade, course, current unit, and upcoming deadlines for a more accurate tutor match. Local school boards or districts remain responsible for official curriculum, placement, assessment, and graduation decisions. Book a tutor based on the student’s subject, goals, language needs, and schedule.","High","Retain route; editorial review for distinct useful local guidance before expansion","ontario-toronto","1.000"
"https://successpathmentors.net/en/locations/united-states/ohio","0","true","true","true","Online tutoring serves students throughout Ohio; no physical branch is implied. Families should share the school, grade, course code where available, and current assignments. Local school boards or districts remain responsible for official curriculum, placement, assessment, and graduation decisions. Book a tutor based on the student’s subject, goals, language needs, and schedule.","High","Retain route; editorial review for distinct useful local guidance before expansion","ontario","1.000"
"https://successpathmentors.net/en/locations/united-states/ohio/curriculum","0","true","true","true","Online tutoring serves students throughout Ohio Curriculum; no physical branch is implied. Families should share the school, grade, course code where available, and current assignments. Local school boards or districts remain responsible for official curriculum, placement, assessment, and graduation decisions. Book a tutor based on the student’s subject, goals, language needs, and schedule.","High","Retain route; editorial review for distinct useful local guidance before expansion","ontario-curriculum","1.000"
"https://successpathmentors.net/en/locations/united-states/ohio/columbus","0","true","true","true","Online tutoring serves students throughout Columbus; no physical branch is implied. Families in Columbus can share their school or district, grade, course, current unit, and upcoming deadlines for a more accurate tutor match. Local school boards or districts remain responsible for official curriculum, placement, assessment, and graduation decisions. Book a tutor based on the student’s subject, goals, language needs, and schedule.","High","Retain route; editorial review for distinct useful local guidance before expansion","ontario-toronto","1.000"
"https://successpathmentors.net/en/locations/united-states/ohio/cleveland","0","true","true","true","Online tutoring serves students throughout Cleveland; no physical branch is implied. Families in Cleveland can share their school or district, grade, course, current unit, and upcoming deadlines for a more accurate tutor match. Local school boards or districts remain responsible for official curriculum, placement, assessment, and graduation decisions. Book a tutor based on the student’s subject, goals, language needs, and schedule.","High","Retain route; editorial review for distinct useful local guidance before expansion","ontario-toronto","1.000"
"https://successpathmentors.net/en/locations/united-states/ohio/toledo","0","true","true","true","Online tutoring serves students throughout Toledo; no physical branch is implied. Families in Toledo can share their school or district, grade, course, current unit, and upcoming deadlines for a more accurate tutor match. Local school boards or districts remain responsible for official curriculum, placement, assessment, and graduation decisions. Book a tutor based on the student’s subject, goals, language needs, and schedule.","High","Retain route; editorial review for distinct useful local guidance before expansion","ontario-toronto","1.000"
"https://successpathmentors.net/en/locations/united-states/ohio/cincinnati","0","true","true","true","Online tutoring serves students throughout Cincinnati; no physical branch is implied. Families in Cincinnati can share their school or district, grade, course, current unit, and upcoming deadlines for a more accurate tutor match. Local school boards or districts remain responsible for official curriculum, placement, assessment, and graduation decisions. Book a tutor based on the student’s subject, goals, language needs, and schedule.","High","Retain route; editorial review for distinct useful local guidance before expansion","ontario-toronto","1.000"
"https://successpathmentors.net/en/locations/united-states/oklahoma","0","true","true","true","Online tutoring serves students throughout Oklahoma; no physical branch is implied. Families should share the school, grade, course code where available, and current assignments. Local school boards or districts remain responsible for official curriculum, placement, assessment, and graduation decisions. Book a tutor based on the student’s subject, goals, language needs, and schedule.","High","Retain route; editorial review for distinct useful local guidance before expansion","ontario","1.000"
"https://successpathmentors.net/en/locations/united-states/oklahoma/curriculum","0","true","true","true","Online tutoring serves students throughout Oklahoma Curriculum; no physical branch is implied. Families should share the school, grade, course code where available, and current assignments. Local school boards or districts remain responsible for official curriculum, placement, assessment, and graduation decisions. Book a tutor based on the student’s subject, goals, language needs, and schedule.","High","Retain route; editorial review for distinct useful local guidance before expansion","ontario-curriculum","1.000"
"https://successpathmentors.net/en/locations/united-states/oklahoma/oklahoma-city","0","true","true","true","Online tutoring serves students throughout Oklahoma City; no physical branch is implied. Families in Oklahoma City can share their school or district, grade, course, current unit, and upcoming deadlines for a more accurate tutor match. Local school boards or districts remain responsible for official curriculum, placement, assessment, and graduation decisions. Book a tutor based on the student’s subject, goals, language needs, and schedule.","High","Retain route; editorial review for distinct useful local guidance before expansion","ontario-toronto","1.000"
"https://successpathmentors.net/en/locations/united-states/oklahoma/tulsa","0","true","true","true","Online tutoring serves students throughout Tulsa; no physical branch is implied. Families in Tulsa can share their school or district, grade, course, current unit, and upcoming deadlines for a more accurate tutor match. Local school boards or districts remain responsible for official curriculum, placement, assessment, and graduation decisions. Book a tutor based on the student’s subject, goals, language needs, and schedule.","High","Retain route; editorial review for distinct useful local guidance before expansion","ontario-toronto","1.000"
"https://successpathmentors.net/en/locations/united-states/oklahoma/norman","0","true","true","true","Online tutoring serves students throughout Norman; no physical branch is implied. Families in Norman can share their school or district, grade, course, current unit, and upcoming deadlines for a more accurate tutor match. Local school boards or districts remain responsible for official curriculum, placement, assessment, and graduation decisions. Book a tutor based on the student’s subject, goals, language needs, and schedule.","High","Retain route; editorial review for distinct useful local guidance before expansion","ontario-toronto","1.000"
"https://successpathmentors.net/en/locations/united-states/oregon","0","true","true","true","Online tutoring serves students throughout Oregon; no physical branch is implied. Families should share the school, grade, course code where available, and current assignments. Local school boards or districts remain responsible for official curriculum, placement, assessment, and graduation decisions. Book a tutor based on the student’s subject, goals, language needs, and schedule.","High","Retain route; editorial review for distinct useful local guidance before expansion","ontario","1.000"
"https://successpathmentors.net/en/locations/united-states/oregon/curriculum","0","true","true","true","Online tutoring serves students throughout Oregon Curriculum; no physical branch is implied. Families should share the school, grade, course code where available, and current assignments. Local school boards or districts remain responsible for official curriculum, placement, assessment, and graduation decisions. Book a tutor based on the student’s subject, goals, language needs, and schedule.","High","Retain route; editorial review for distinct useful local guidance before expansion","ontario-curriculum","1.000"
"https://successpathmentors.net/en/locations/united-states/oregon/portland","0","true","true","true","Online tutoring serves students throughout Portland; no physical branch is implied. Families in Portland can share their school or district, grade, course, current unit, and upcoming deadlines for a more accurate tutor match. Local school boards or districts remain responsible for official curriculum, placement, assessment, and graduation decisions. Book a tutor based on the student’s subject, goals, language needs, and schedule.","High","Retain route; editorial review for distinct useful local guidance before expansion","ontario-toronto","1.000"
"https://successpathmentors.net/en/locations/united-states/oregon/salem","0","true","true","true","Online tutoring serves students throughout Salem; no physical branch is implied. Families in Salem can share their school or district, grade, course, current unit, and upcoming deadlines for a more accurate tutor match. Local school boards or districts remain responsible for official curriculum, placement, assessment, and graduation decisions. Book a tutor based on the student’s subject, goals, language needs, and schedule.","High","Retain route; editorial review for distinct useful local guidance before expansion","ontario-toronto","1.000"
"https://successpathmentors.net/en/locations/united-states/oregon/eugene","0","true","true","true","Online tutoring serves students throughout Eugene; no physical branch is implied. Families in Eugene can share their school or district, grade, course, current unit, and upcoming deadlines for a more accurate tutor match. Local school boards or districts remain responsible for official curriculum, placement, assessment, and graduation decisions. Book a tutor based on the student’s subject, goals, language needs, and schedule.","High","Retain route; editorial review for distinct useful local guidance before expansion","ontario-toronto","1.000"
"https://successpathmentors.net/en/locations/united-states/pennsylvania","0","true","true","true","Online tutoring serves students throughout Pennsylvania; no physical branch is implied. Families should share the school, grade, course code where available, and current assignments. Local school boards or districts remain responsible for official curriculum, placement, assessment, and graduation decisions. Book a tutor based on the student’s subject, goals, language needs, and schedule.","High","Retain route; editorial review for distinct useful local guidance before expansion","ontario","1.000"
"https://successpathmentors.net/en/locations/united-states/pennsylvania/curriculum","0","true","true","true","Online tutoring serves students throughout Pennsylvania Curriculum; no physical branch is implied. Families should share the school, grade, course code where available, and current assignments. Local school boards or districts remain responsible for official curriculum, placement, assessment, and graduation decisions. Book a tutor based on the student’s subject, goals, language needs, and schedule.","High","Retain route; editorial review for distinct useful local guidance before expansion","ontario-curriculum","1.000"
"https://successpathmentors.net/en/locations/united-states/pennsylvania/philadelphia","0","true","true","true","Online tutoring serves students throughout Philadelphia; no physical branch is implied. Families in Philadelphia can share their school or district, grade, course, current unit, and upcoming deadlines for a more accurate tutor match. Local school boards or districts remain responsible for official curriculum, placement, assessment, and graduation decisions. Book a tutor based on the student’s subject, goals, language needs, and schedule.","High","Retain route; editorial review for distinct useful local guidance before expansion","ontario-toronto","1.000"
"https://successpathmentors.net/en/locations/united-states/pennsylvania/pittsburgh","0","true","true","true","Online tutoring serves students throughout Pittsburgh; no physical branch is implied. Families in Pittsburgh can share their school or district, grade, course, current unit, and upcoming deadlines for a more accurate tutor match. Local school boards or districts remain responsible for official curriculum, placement, assessment, and graduation decisions. Book a tutor based on the student’s subject, goals, language needs, and schedule.","High","Retain route; editorial review for distinct useful local guidance before expansion","ontario-toronto","1.000"
"https://successpathmentors.net/en/locations/united-states/pennsylvania/allentown","0","true","true","true","Online tutoring serves students throughout Allentown; no physical branch is implied. Families in Allentown can share their school or district, grade, course, current unit, and upcoming deadlines for a more accurate tutor match. Local school boards or districts remain responsible for official curriculum, placement, assessment, and graduation decisions. Book a tutor based on the student’s subject, goals, language needs, and schedule.","High","Retain route; editorial review for distinct useful local guidance before expansion","ontario-toronto","1.000"
"https://successpathmentors.net/en/locations/united-states/rhode-island","0","true","true","true","Online tutoring serves students throughout Rhode Island; no physical branch is implied. Families should share the school, grade, course code where available, and current assignments. Local school boards or districts remain responsible for official curriculum, placement, assessment, and graduation decisions. Book a tutor based on the student’s subject, goals, language needs, and schedule.","High","Retain route; editorial review for distinct useful local guidance before expansion","ontario","1.000"
"https://successpathmentors.net/en/locations/united-states/rhode-island/curriculum","0","true","true","true","Online tutoring serves students throughout Rhode Island Curriculum; no physical branch is implied. Families should share the school, grade, course code where available, and current assignments. Local school boards or districts remain responsible for official curriculum, placement, assessment, and graduation decisions. Book a tutor based on the student’s subject, goals, language needs, and schedule.","High","Retain route; editorial review for distinct useful local guidance before expansion","ontario-curriculum","1.000"
"https://successpathmentors.net/en/locations/united-states/rhode-island/providence","0","true","true","true","Online tutoring serves students throughout Providence; no physical branch is implied. Families in Providence can share their school or district, grade, course, current unit, and upcoming deadlines for a more accurate tutor match. Local school boards or districts remain responsible for official curriculum, placement, assessment, and graduation decisions. Book a tutor based on the student’s subject, goals, language needs, and schedule.","High","Retain route; editorial review for distinct useful local guidance before expansion","ontario-toronto","1.000"
"https://successpathmentors.net/en/locations/united-states/rhode-island/cranston","0","true","true","true","Online tutoring serves students throughout Cranston; no physical branch is implied. Families in Cranston can share their school or district, grade, course, current unit, and upcoming deadlines for a more accurate tutor match. Local school boards or districts remain responsible for official curriculum, placement, assessment, and graduation decisions. Book a tutor based on the student’s subject, goals, language needs, and schedule.","High","Retain route; editorial review for distinct useful local guidance before expansion","ontario-toronto","1.000"
"https://successpathmentors.net/en/locations/united-states/rhode-island/warwick","0","true","true","true","Online tutoring serves students throughout Warwick; no physical branch is implied. Families in Warwick can share their school or district, grade, course, current unit, and upcoming deadlines for a more accurate tutor match. Local school boards or districts remain responsible for official curriculum, placement, assessment, and graduation decisions. Book a tutor based on the student’s subject, goals, language needs, and schedule.","High","Retain route; editorial review for distinct useful local guidance before expansion","ontario-toronto","1.000"
"https://successpathmentors.net/en/locations/united-states/south-carolina","0","true","true","true","Online tutoring serves students throughout South Carolina; no physical branch is implied. Families should share the school, grade, course code where available, and current assignments. Local school boards or districts remain responsible for official curriculum, placement, assessment, and graduation decisions. Book a tutor based on the student’s subject, goals, language needs, and schedule.","High","Retain route; editorial review for distinct useful local guidance before expansion","ontario","1.000"
"https://successpathmentors.net/en/locations/united-states/south-carolina/curriculum","0","true","true","true","Online tutoring serves students throughout South Carolina Curriculum; no physical branch is implied. Families should share the school, grade, course code where available, and current assignments. Local school boards or districts remain responsible for official curriculum, placement, assessment, and graduation decisions. Book a tutor based on the student’s subject, goals, language needs, and schedule.","High","Retain route; editorial review for distinct useful local guidance before expansion","ontario-curriculum","1.000"
"https://successpathmentors.net/en/locations/united-states/south-carolina/charleston","0","true","true","true","Online tutoring serves students throughout Charleston; no physical branch is implied. Families in Charleston can share their school or district, grade, course, current unit, and upcoming deadlines for a more accurate tutor match. Local school boards or districts remain responsible for official curriculum, placement, assessment, and graduation decisions. Book a tutor based on the student’s subject, goals, language needs, and schedule.","High","Retain route; editorial review for distinct useful local guidance before expansion","ontario-toronto","1.000"
"https://successpathmentors.net/en/locations/united-states/south-carolina/columbia","0","true","true","true","Online tutoring serves students throughout Columbia; no physical branch is implied. Families in Columbia can share their school or district, grade, course, current unit, and upcoming deadlines for a more accurate tutor match. Local school boards or districts remain responsible for official curriculum, placement, assessment, and graduation decisions. Book a tutor based on the student’s subject, goals, language needs, and schedule.","High","Retain route; editorial review for distinct useful local guidance before expansion","ontario-toronto","1.000"
"https://successpathmentors.net/en/locations/united-states/south-carolina/greenville","0","true","true","true","Online tutoring serves students throughout Greenville; no physical branch is implied. Families in Greenville can share their school or district, grade, course, current unit, and upcoming deadlines for a more accurate tutor match. Local school boards or districts remain responsible for official curriculum, placement, assessment, and graduation decisions. Book a tutor based on the student’s subject, goals, language needs, and schedule.","High","Retain route; editorial review for distinct useful local guidance before expansion","ontario-toronto","1.000"
"https://successpathmentors.net/en/locations/united-states/south-dakota","0","true","true","true","Online tutoring serves students throughout South Dakota; no physical branch is implied. Families should share the school, grade, course code where available, and current assignments. Local school boards or districts remain responsible for official curriculum, placement, assessment, and graduation decisions. Book a tutor based on the student’s subject, goals, language needs, and schedule.","High","Retain route; editorial review for distinct useful local guidance before expansion","ontario","1.000"
"https://successpathmentors.net/en/locations/united-states/south-dakota/curriculum","0","true","true","true","Online tutoring serves students throughout South Dakota Curriculum; no physical branch is implied. Families should share the school, grade, course code where available, and current assignments. Local school boards or districts remain responsible for official curriculum, placement, assessment, and graduation decisions. Book a tutor based on the student’s subject, goals, language needs, and schedule.","High","Retain route; editorial review for distinct useful local guidance before expansion","ontario-curriculum","1.000"
"https://successpathmentors.net/en/locations/united-states/south-dakota/sioux-falls","0","true","true","true","Online tutoring serves students throughout Sioux Falls; no physical branch is implied. Families in Sioux Falls can share their school or district, grade, course, current unit, and upcoming deadlines for a more accurate tutor match. Local school boards or districts remain responsible for official curriculum, placement, assessment, and graduation decisions. Book a tutor based on the student’s subject, goals, language needs, and schedule.","High","Retain route; editorial review for distinct useful local guidance before expansion","ontario-toronto","1.000"
"https://successpathmentors.net/en/locations/united-states/south-dakota/rapid-city","0","true","true","true","Online tutoring serves students throughout Rapid City; no physical branch is implied. Families in Rapid City can share their school or district, grade, course, current unit, and upcoming deadlines for a more accurate tutor match. Local school boards or districts remain responsible for official curriculum, placement, assessment, and graduation decisions. Book a tutor based on the student’s subject, goals, language needs, and schedule.","High","Retain route; editorial review for distinct useful local guidance before expansion","ontario-toronto","1.000"
"https://successpathmentors.net/en/locations/united-states/south-dakota/aberdeen","0","true","true","true","Online tutoring serves students throughout Aberdeen; no physical branch is implied. Families in Aberdeen can share their school or district, grade, course, current unit, and upcoming deadlines for a more accurate tutor match. Local school boards or districts remain responsible for official curriculum, placement, assessment, and graduation decisions. Book a tutor based on the student’s subject, goals, language needs, and schedule.","High","Retain route; editorial review for distinct useful local guidance before expansion","ontario-toronto","1.000"
"https://successpathmentors.net/en/locations/united-states/tennessee","0","true","true","true","Online tutoring serves students throughout Tennessee; no physical branch is implied. Families should share the school, grade, course code where available, and current assignments. Local school boards or districts remain responsible for official curriculum, placement, assessment, and graduation decisions. Book a tutor based on the student’s subject, goals, language needs, and schedule.","High","Retain route; editorial review for distinct useful local guidance before expansion","ontario","1.000"
"https://successpathmentors.net/en/locations/united-states/tennessee/curriculum","0","true","true","true","Online tutoring serves students throughout Tennessee Curriculum; no physical branch is implied. Families should share the school, grade, course code where available, and current assignments. Local school boards or districts remain responsible for official curriculum, placement, assessment, and graduation decisions. Book a tutor based on the student’s subject, goals, language needs, and schedule.","High","Retain route; editorial review for distinct useful local guidance before expansion","ontario-curriculum","1.000"
"https://successpathmentors.net/en/locations/united-states/tennessee/nashville","0","true","true","true","Online tutoring serves students throughout Nashville; no physical branch is implied. Families in Nashville can share their school or district, grade, course, current unit, and upcoming deadlines for a more accurate tutor match. Local school boards or districts remain responsible for official curriculum, placement, assessment, and graduation decisions. Book a tutor based on the student’s subject, goals, language needs, and schedule.","High","Retain route; editorial review for distinct useful local guidance before expansion","ontario-toronto","1.000"
"https://successpathmentors.net/en/locations/united-states/tennessee/memphis","0","true","true","true","Online tutoring serves students throughout Memphis; no physical branch is implied. Families in Memphis can share their school or district, grade, course, current unit, and upcoming deadlines for a more accurate tutor match. Local school boards or districts remain responsible for official curriculum, placement, assessment, and graduation decisions. Book a tutor based on the student’s subject, goals, language needs, and schedule.","High","Retain route; editorial review for distinct useful local guidance before expansion","ontario-toronto","1.000"
"https://successpathmentors.net/en/locations/united-states/tennessee/knoxville","0","true","true","true","Online tutoring serves students throughout Knoxville; no physical branch is implied. Families in Knoxville can share their school or district, grade, course, current unit, and upcoming deadlines for a more accurate tutor match. Local school boards or districts remain responsible for official curriculum, placement, assessment, and graduation decisions. Book a tutor based on the student’s subject, goals, language needs, and schedule.","High","Retain route; editorial review for distinct useful local guidance before expansion","ontario-toronto","1.000"
"https://successpathmentors.net/en/locations/united-states/texas","0","true","true","true","Online tutoring serves students throughout Texas; no physical branch is implied. Families should share the school, grade, course code where available, and current assignments. Local school boards or districts remain responsible for official curriculum, placement, assessment, and graduation decisions. Book a tutor based on the student’s subject, goals, language needs, and schedule.","High","Retain route; editorial review for distinct useful local guidance before expansion","ontario","1.000"
"https://successpathmentors.net/en/locations/united-states/texas/curriculum","0","true","true","true","Online tutoring serves students throughout Texas Curriculum; no physical branch is implied. Families should share the school, grade, course code where available, and current assignments. Local school boards or districts remain responsible for official curriculum, placement, assessment, and graduation decisions. Book a tutor based on the student’s subject, goals, language needs, and schedule.","High","Retain route; editorial review for distinct useful local guidance before expansion","ontario-curriculum","1.000"
"https://successpathmentors.net/en/locations/united-states/texas/houston","0","true","true","true","Online tutoring serves students throughout Houston; no physical branch is implied. Families in Houston can share their school or district, grade, course, current unit, and upcoming deadlines for a more accurate tutor match. Local school boards or districts remain responsible for official curriculum, placement, assessment, and graduation decisions. Book a tutor based on the student’s subject, goals, language needs, and schedule.","High","Retain route; editorial review for distinct useful local guidance before expansion","ontario-toronto","1.000"
"https://successpathmentors.net/en/locations/united-states/texas/dallas","0","true","true","true","Online tutoring serves students throughout Dallas; no physical branch is implied. Families in Dallas can share their school or district, grade, course, current unit, and upcoming deadlines for a more accurate tutor match. Local school boards or districts remain responsible for official curriculum, placement, assessment, and graduation decisions. Book a tutor based on the student’s subject, goals, language needs, and schedule.","High","Retain route; editorial review for distinct useful local guidance before expansion","ontario-toronto","1.000"
"https://successpathmentors.net/en/locations/united-states/texas/austin","0","true","true","true","Online tutoring serves students throughout Austin; no physical branch is implied. Families in Austin can share their school or district, grade, course, current unit, and upcoming deadlines for a more accurate tutor match. Local school boards or districts remain responsible for official curriculum, placement, assessment, and graduation decisions. Book a tutor based on the student’s subject, goals, language needs, and schedule.","High","Retain route; editorial review for distinct useful local guidance before expansion","ontario-toronto","1.000"
"https://successpathmentors.net/en/locations/united-states/texas/san-antonio","0","true","true","true","Online tutoring serves students throughout San Antonio; no physical branch is implied. Families in San Antonio can share their school or district, grade, course, current unit, and upcoming deadlines for a more accurate tutor match. Local school boards or districts remain responsible for official curriculum, placement, assessment, and graduation decisions. Book a tutor based on the student’s subject, goals, language needs, and schedule.","High","Retain route; editorial review for distinct useful local guidance before expansion","ontario-toronto","1.000"
"https://successpathmentors.net/en/locations/united-states/texas/arlington","0","true","true","true","Online tutoring serves students throughout Arlington; no physical branch is implied. Families in Arlington can share their school or district, grade, course, current unit, and upcoming deadlines for a more accurate tutor match. Local school boards or districts remain responsible for official curriculum, placement, assessment, and graduation decisions. Book a tutor based on the student’s subject, goals, language needs, and schedule.","High","Retain route; editorial review for distinct useful local guidance before expansion","ontario-toronto","1.000"
"https://successpathmentors.net/en/locations/united-states/utah","0","true","true","true","Online tutoring serves students throughout Utah; no physical branch is implied. Families should share the school, grade, course code where available, and current assignments. Local school boards or districts remain responsible for official curriculum, placement, assessment, and graduation decisions. Book a tutor based on the student’s subject, goals, language needs, and schedule.","High","Retain route; editorial review for distinct useful local guidance before expansion","ontario","1.000"
"https://successpathmentors.net/en/locations/united-states/utah/curriculum","0","true","true","true","Online tutoring serves students throughout Utah Curriculum; no physical branch is implied. Families should share the school, grade, course code where available, and current assignments. Local school boards or districts remain responsible for official curriculum, placement, assessment, and graduation decisions. Book a tutor based on the student’s subject, goals, language needs, and schedule.","High","Retain route; editorial review for distinct useful local guidance before expansion","ontario-curriculum","1.000"
"https://successpathmentors.net/en/locations/united-states/utah/salt-lake-city","0","true","true","true","Online tutoring serves students throughout Salt Lake City; no physical branch is implied. Families in Salt Lake City can share their school or district, grade, course, current unit, and upcoming deadlines for a more accurate tutor match. Local school boards or districts remain responsible for official curriculum, placement, assessment, and graduation decisions. Book a tutor based on the student’s subject, goals, language needs, and schedule.","High","Retain route; editorial review for distinct useful local guidance before expansion","ontario-toronto","1.000"
"https://successpathmentors.net/en/locations/united-states/utah/west-valley-city","0","true","true","true","Online tutoring serves students throughout West Valley City; no physical branch is implied. Families in West Valley City can share their school or district, grade, course, current unit, and upcoming deadlines for a more accurate tutor match. Local school boards or districts remain responsible for official curriculum, placement, assessment, and graduation decisions. Book a tutor based on the student’s subject, goals, language needs, and schedule.","High","Retain route; editorial review for distinct useful local guidance before expansion","ontario-toronto","1.000"
"https://successpathmentors.net/en/locations/united-states/utah/provo","0","true","true","true","Online tutoring serves students throughout Provo; no physical branch is implied. Families in Provo can share their school or district, grade, course, current unit, and upcoming deadlines for a more accurate tutor match. Local school boards or districts remain responsible for official curriculum, placement, assessment, and graduation decisions. Book a tutor based on the student’s subject, goals, language needs, and schedule.","High","Retain route; editorial review for distinct useful local guidance before expansion","ontario-toronto","1.000"
"https://successpathmentors.net/en/locations/united-states/vermont","0","true","true","true","Online tutoring serves students throughout Vermont; no physical branch is implied. Families should share the school, grade, course code where available, and current assignments. Local school boards or districts remain responsible for official curriculum, placement, assessment, and graduation decisions. Book a tutor based on the student’s subject, goals, language needs, and schedule.","High","Retain route; editorial review for distinct useful local guidance before expansion","ontario","1.000"
"https://successpathmentors.net/en/locations/united-states/vermont/curriculum","0","true","true","true","Online tutoring serves students throughout Vermont Curriculum; no physical branch is implied. Families should share the school, grade, course code where available, and current assignments. Local school boards or districts remain responsible for official curriculum, placement, assessment, and graduation decisions. Book a tutor based on the student’s subject, goals, language needs, and schedule.","High","Retain route; editorial review for distinct useful local guidance before expansion","ontario-curriculum","1.000"
"https://successpathmentors.net/en/locations/united-states/vermont/burlington","0","true","true","true","Online tutoring serves students throughout Burlington; no physical branch is implied. Families in Burlington can share their school or district, grade, course, current unit, and upcoming deadlines for a more accurate tutor match. Local school boards or districts remain responsible for official curriculum, placement, assessment, and graduation decisions. Book a tutor based on the student’s subject, goals, language needs, and schedule.","High","Retain route; editorial review for distinct useful local guidance before expansion","ontario-toronto","1.000"
"https://successpathmentors.net/en/locations/united-states/vermont/south-burlington","0","true","true","true","Online tutoring serves students throughout South Burlington; no physical branch is implied. Families in South Burlington can share their school or district, grade, course, current unit, and upcoming deadlines for a more accurate tutor match. Local school boards or districts remain responsible for official curriculum, placement, assessment, and graduation decisions. Book a tutor based on the student’s subject, goals, language needs, and schedule.","High","Retain route; editorial review for distinct useful local guidance before expansion","ontario-toronto","1.000"
"https://successpathmentors.net/en/locations/united-states/vermont/rutland","0","true","true","true","Online tutoring serves students throughout Rutland; no physical branch is implied. Families in Rutland can share their school or district, grade, course, current unit, and upcoming deadlines for a more accurate tutor match. Local school boards or districts remain responsible for official curriculum, placement, assessment, and graduation decisions. Book a tutor based on the student’s subject, goals, language needs, and schedule.","High","Retain route; editorial review for distinct useful local guidance before expansion","ontario-toronto","1.000"
"https://successpathmentors.net/en/locations/united-states/virginia","0","true","true","true","Online tutoring serves students throughout Virginia; no physical branch is implied. Families should share the school, grade, course code where available, and current assignments. Local school boards or districts remain responsible for official curriculum, placement, assessment, and graduation decisions. Book a tutor based on the student’s subject, goals, language needs, and schedule.","High","Retain route; editorial review for distinct useful local guidance before expansion","ontario","1.000"
"https://successpathmentors.net/en/locations/united-states/virginia/curriculum","0","true","true","true","Online tutoring serves students throughout Virginia Curriculum; no physical branch is implied. Families should share the school, grade, course code where available, and current assignments. Local school boards or districts remain responsible for official curriculum, placement, assessment, and graduation decisions. Book a tutor based on the student’s subject, goals, language needs, and schedule.","High","Retain route; editorial review for distinct useful local guidance before expansion","ontario-curriculum","1.000"
"https://successpathmentors.net/en/locations/united-states/virginia/fairfax","0","true","true","true","Online tutoring serves students throughout Fairfax; no physical branch is implied. Families in Fairfax can share their school or district, grade, course, current unit, and upcoming deadlines for a more accurate tutor match. Local school boards or districts remain responsible for official curriculum, placement, assessment, and graduation decisions. Book a tutor based on the student’s subject, goals, language needs, and schedule.","High","Retain route; editorial review for distinct useful local guidance before expansion","ontario-toronto","1.000"
"https://successpathmentors.net/en/locations/united-states/virginia/alexandria","0","true","true","true","Online tutoring serves students throughout Alexandria; no physical branch is implied. Families in Alexandria can share their school or district, grade, course, current unit, and upcoming deadlines for a more accurate tutor match. Local school boards or districts remain responsible for official curriculum, placement, assessment, and graduation decisions. Book a tutor based on the student’s subject, goals, language needs, and schedule.","High","Retain route; editorial review for distinct useful local guidance before expansion","ontario-toronto","1.000"
"https://successpathmentors.net/en/locations/united-states/virginia/arlington","0","true","true","true","Online tutoring serves students throughout Arlington; no physical branch is implied. Families in Arlington can share their school or district, grade, course, current unit, and upcoming deadlines for a more accurate tutor match. Local school boards or districts remain responsible for official curriculum, placement, assessment, and graduation decisions. Book a tutor based on the student’s subject, goals, language needs, and schedule.","High","Retain route; editorial review for distinct useful local guidance before expansion","ontario-toronto","1.000"
"https://successpathmentors.net/en/locations/united-states/virginia/richmond","0","true","true","true","Online tutoring serves students throughout Richmond; no physical branch is implied. Families in Richmond can share their school or district, grade, course, current unit, and upcoming deadlines for a more accurate tutor match. Local school boards or districts remain responsible for official curriculum, placement, assessment, and graduation decisions. Book a tutor based on the student’s subject, goals, language needs, and schedule.","High","Retain route; editorial review for distinct useful local guidance before expansion","ontario-toronto","1.000"
"https://successpathmentors.net/en/locations/united-states/virginia/virginia-beach","0","true","true","true","Online tutoring serves students throughout Virginia Beach; no physical branch is implied. Families in Virginia Beach can share their school or district, grade, course, current unit, and upcoming deadlines for a more accurate tutor match. Local school boards or districts remain responsible for official curriculum, placement, assessment, and graduation decisions. Book a tutor based on the student’s subject, goals, language needs, and schedule.","High","Retain route; editorial review for distinct useful local guidance before expansion","ontario-toronto","1.000"
"https://successpathmentors.net/en/locations/united-states/washington","0","true","true","true","Online tutoring serves students throughout Washington; no physical branch is implied. Families should share the school, grade, course code where available, and current assignments. Local school boards or districts remain responsible for official curriculum, placement, assessment, and graduation decisions. Book a tutor based on the student’s subject, goals, language needs, and schedule.","High","Retain route; editorial review for distinct useful local guidance before expansion","ontario","1.000"
"https://successpathmentors.net/en/locations/united-states/washington/curriculum","0","true","true","true","Online tutoring serves students throughout Washington Curriculum; no physical branch is implied. Families should share the school, grade, course code where available, and current assignments. Local school boards or districts remain responsible for official curriculum, placement, assessment, and graduation decisions. Book a tutor based on the student’s subject, goals, language needs, and schedule.","High","Retain route; editorial review for distinct useful local guidance before expansion","ontario-curriculum","1.000"
"https://successpathmentors.net/en/locations/united-states/washington/seattle","0","true","true","true","Online tutoring serves students throughout Seattle; no physical branch is implied. Families in Seattle can share their school or district, grade, course, current unit, and upcoming deadlines for a more accurate tutor match. Local school boards or districts remain responsible for official curriculum, placement, assessment, and graduation decisions. Book a tutor based on the student’s subject, goals, language needs, and schedule.","High","Retain route; editorial review for distinct useful local guidance before expansion","ontario-toronto","1.000"
"https://successpathmentors.net/en/locations/united-states/washington/bellevue","0","true","true","true","Online tutoring serves students throughout Bellevue; no physical branch is implied. Families in Bellevue can share their school or district, grade, course, current unit, and upcoming deadlines for a more accurate tutor match. Local school boards or districts remain responsible for official curriculum, placement, assessment, and graduation decisions. Book a tutor based on the student’s subject, goals, language needs, and schedule.","High","Retain route; editorial review for distinct useful local guidance before expansion","ontario-toronto","1.000"
"https://successpathmentors.net/en/locations/united-states/washington/tacoma","0","true","true","true","Online tutoring serves students throughout Tacoma; no physical branch is implied. Families in Tacoma can share their school or district, grade, course, current unit, and upcoming deadlines for a more accurate tutor match. Local school boards or districts remain responsible for official curriculum, placement, assessment, and graduation decisions. Book a tutor based on the student’s subject, goals, language needs, and schedule.","High","Retain route; editorial review for distinct useful local guidance before expansion","ontario-toronto","1.000"
"https://successpathmentors.net/en/locations/united-states/west-virginia","0","true","true","true","Online tutoring serves students throughout West Virginia; no physical branch is implied. Families should share the school, grade, course code where available, and current assignments. Local school boards or districts remain responsible for official curriculum, placement, assessment, and graduation decisions. Book a tutor based on the student’s subject, goals, language needs, and schedule.","High","Retain route; editorial review for distinct useful local guidance before expansion","ontario","1.000"
"https://successpathmentors.net/en/locations/united-states/west-virginia/curriculum","0","true","true","true","Online tutoring serves students throughout West Virginia Curriculum; no physical branch is implied. Families should share the school, grade, course code where available, and current assignments. Local school boards or districts remain responsible for official curriculum, placement, assessment, and graduation decisions. Book a tutor based on the student’s subject, goals, language needs, and schedule.","High","Retain route; editorial review for distinct useful local guidance before expansion","ontario-curriculum","1.000"
"https://successpathmentors.net/en/locations/united-states/west-virginia/charleston","0","true","true","true","Online tutoring serves students throughout Charleston; no physical branch is implied. Families in Charleston can share their school or district, grade, course, current unit, and upcoming deadlines for a more accurate tutor match. Local school boards or districts remain responsible for official curriculum, placement, assessment, and graduation decisions. Book a tutor based on the student’s subject, goals, language needs, and schedule.","High","Retain route; editorial review for distinct useful local guidance before expansion","ontario-toronto","1.000"
"https://successpathmentors.net/en/locations/united-states/west-virginia/morgantown","0","true","true","true","Online tutoring serves students throughout Morgantown; no physical branch is implied. Families in Morgantown can share their school or district, grade, course, current unit, and upcoming deadlines for a more accurate tutor match. Local school boards or districts remain responsible for official curriculum, placement, assessment, and graduation decisions. Book a tutor based on the student’s subject, goals, language needs, and schedule.","High","Retain route; editorial review for distinct useful local guidance before expansion","ontario-toronto","1.000"
"https://successpathmentors.net/en/locations/united-states/west-virginia/huntington","0","true","true","true","Online tutoring serves students throughout Huntington; no physical branch is implied. Families in Huntington can share their school or district, grade, course, current unit, and upcoming deadlines for a more accurate tutor match. Local school boards or districts remain responsible for official curriculum, placement, assessment, and graduation decisions. Book a tutor based on the student’s subject, goals, language needs, and schedule.","High","Retain route; editorial review for distinct useful local guidance before expansion","ontario-toronto","1.000"
"https://successpathmentors.net/en/locations/united-states/wisconsin","0","true","true","true","Online tutoring serves students throughout Wisconsin; no physical branch is implied. Families should share the school, grade, course code where available, and current assignments. Local school boards or districts remain responsible for official curriculum, placement, assessment, and graduation decisions. Book a tutor based on the student’s subject, goals, language needs, and schedule.","High","Retain route; editorial review for distinct useful local guidance before expansion","ontario","1.000"
"https://successpathmentors.net/en/locations/united-states/wisconsin/curriculum","0","true","true","true","Online tutoring serves students throughout Wisconsin Curriculum; no physical branch is implied. Families should share the school, grade, course code where available, and current assignments. Local school boards or districts remain responsible for official curriculum, placement, assessment, and graduation decisions. Book a tutor based on the student’s subject, goals, language needs, and schedule.","High","Retain route; editorial review for distinct useful local guidance before expansion","ontario-curriculum","1.000"
"https://successpathmentors.net/en/locations/united-states/wisconsin/milwaukee","0","true","true","true","Online tutoring serves students throughout Milwaukee; no physical branch is implied. Families in Milwaukee can share their school or district, grade, course, current unit, and upcoming deadlines for a more accurate tutor match. Local school boards or districts remain responsible for official curriculum, placement, assessment, and graduation decisions. Book a tutor based on the student’s subject, goals, language needs, and schedule.","High","Retain route; editorial review for distinct useful local guidance before expansion","ontario-toronto","1.000"
"https://successpathmentors.net/en/locations/united-states/wisconsin/madison","0","true","true","true","Online tutoring serves students throughout Madison; no physical branch is implied. Families in Madison can share their school or district, grade, course, current unit, and upcoming deadlines for a more accurate tutor match. Local school boards or districts remain responsible for official curriculum, placement, assessment, and graduation decisions. Book a tutor based on the student’s subject, goals, language needs, and schedule.","High","Retain route; editorial review for distinct useful local guidance before expansion","ontario-toronto","1.000"
"https://successpathmentors.net/en/locations/united-states/wisconsin/green-bay","0","true","true","true","Online tutoring serves students throughout Green Bay; no physical branch is implied. Families in Green Bay can share their school or district, grade, course, current unit, and upcoming deadlines for a more accurate tutor match. Local school boards or districts remain responsible for official curriculum, placement, assessment, and graduation decisions. Book a tutor based on the student’s subject, goals, language needs, and schedule.","High","Retain route; editorial review for distinct useful local guidance before expansion","ontario-toronto","1.000"
"https://successpathmentors.net/en/locations/united-states/wyoming","0","true","true","true","Online tutoring serves students throughout Wyoming; no physical branch is implied. Families should share the school, grade, course code where available, and current assignments. Local school boards or districts remain responsible for official curriculum, placement, assessment, and graduation decisions. Book a tutor based on the student’s subject, goals, language needs, and schedule.","High","Retain route; editorial review for distinct useful local guidance before expansion","ontario","1.000"
"https://successpathmentors.net/en/locations/united-states/wyoming/curriculum","0","true","true","true","Online tutoring serves students throughout Wyoming Curriculum; no physical branch is implied. Families should share the school, grade, course code where available, and current assignments. Local school boards or districts remain responsible for official curriculum, placement, assessment, and graduation decisions. Book a tutor based on the student’s subject, goals, language needs, and schedule.","High","Retain route; editorial review for distinct useful local guidance before expansion","ontario-curriculum","1.000"
"https://successpathmentors.net/en/locations/united-states/wyoming/cheyenne","0","true","true","true","Online tutoring serves students throughout Cheyenne; no physical branch is implied. Families in Cheyenne can share their school or district, grade, course, current unit, and upcoming deadlines for a more accurate tutor match. Local school boards or districts remain responsible for official curriculum, placement, assessment, and graduation decisions. Book a tutor based on the student’s subject, goals, language needs, and schedule.","High","Retain route; editorial review for distinct useful local guidance before expansion","ontario-toronto","1.000"
"https://successpathmentors.net/en/locations/united-states/wyoming/casper","0","true","true","true","Online tutoring serves students throughout Casper; no physical branch is implied. Families in Casper can share their school or district, grade, course, current unit, and upcoming deadlines for a more accurate tutor match. Local school boards or districts remain responsible for official curriculum, placement, assessment, and graduation decisions. Book a tutor based on the student’s subject, goals, language needs, and schedule.","High","Retain route; editorial review for distinct useful local guidance before expansion","ontario-toronto","1.000"
"https://successpathmentors.net/en/locations/united-states/wyoming/laramie","0","true","true","true","Online tutoring serves students throughout Laramie; no physical branch is implied. Families in Laramie can share their school or district, grade, course, current unit, and upcoming deadlines for a more accurate tutor match. Local school boards or districts remain responsible for official curriculum, placement, assessment, and graduation decisions. Book a tutor based on the student’s subject, goals, language needs, and schedule.","High","Retain route; editorial review for distinct useful local guidance before expansion","ontario-toronto","1.000"